#
# There is insufficient memory for the Java Runtime Environment to continue.
# Native memory allocation (malloc) failed to allocate 1545472 bytes. Error detail: Chunk::new
# Possible reasons:
#   The system is out of physical RAM or swap space
#   This process is running with CompressedOops enabled, and the Java Heap may be blocking the growth of the native heap
# Possible solutions:
#   Reduce memory load on the system
#   Increase physical memory or swap space
#   Check if swap backing store is full
#   Decrease Java heap size (-Xmx/-Xms)
#   Decrease number of Java threads
#   Decrease Java thread stack sizes (-Xss)
#   Set larger code cache with -XX:ReservedCodeCacheSize=
#   JVM is running with Unscaled Compressed Oops mode in which the Java heap is
#     placed in the first 4GB address space. The Java Heap base address is the
#     maximum limit for the native heap growth. Please use -XX:HeapBaseMinAddress
#     to set the Java Heap base and to place the Java Heap above 4GB virtual address.
# This output file may be truncated or incomplete.
#
#  Out of Memory Error (arena.cpp:168), pid=16228, tid=11504
#
# JRE version: OpenJDK Runtime Environment (21.0.7) (build 21.0.7+-13880790-b1038.58)
# Java VM: OpenJDK 64-Bit Server VM (21.0.7+-13880790-b1038.58, mixed mode, tiered, compressed oops, compressed class ptrs, g1 gc, windows-amd64)
# No core dump will be written. Minidumps are not enabled by default on client versions of Windows
#

---------------  S U M M A R Y ------------

Command Line: --add-opens=java.base/java.lang=ALL-UNNAMED --add-opens=java.base/java.lang.invoke=ALL-UNNAMED --add-opens=java.base/java.util=ALL-UNNAMED --add-opens=java.prefs/java.util.prefs=ALL-UNNAMED --add-exports=jdk.compiler/com.sun.tools.javac.api=ALL-UNNAMED --add-exports=jdk.compiler/com.sun.tools.javac.util=ALL-UNNAMED --add-opens=java.base/java.util=ALL-UNNAMED --add-opens=java.prefs/java.util.prefs=ALL-UNNAMED --add-opens=java.base/java.nio.charset=ALL-UNNAMED --add-opens=java.base/java.net=ALL-UNNAMED --add-opens=java.base/java.util.concurrent.atomic=ALL-UNNAMED --add-opens=java.xml/javax.xml.namespace=ALL-UNNAMED -Xmx2048m -Dfile.encoding=UTF-8 -Duser.country=US -Duser.language=en -Duser.variant -javaagent:C:\Users\lucas\.gradle\wrapper\dists\gradle-8.13-bin\5xuhj0ry160q40clulazy9h7d\gradle-8.13\lib\agents\gradle-instrumentation-agent-8.13.jar org.gradle.launcher.daemon.bootstrap.GradleDaemon 8.13

Host: AMD Ryzen 5 PRO 4650U with Radeon Graphics, 12 cores, 15G,  Windows 11 , 64 bit Build 26100 (10.0.26100.8246)
Time: Thu Apr 30 19:25:13 2026 GTB Daylight Time elapsed time: 34.568813 seconds (0d 0h 0m 34s)

---------------  T H R E A D  ---------------

Current thread (0x000001779627d480):  JavaThread "C2 CompilerThread2" daemon [_thread_in_native, id=11504, stack(0x00000065ba400000,0x00000065ba500000) (1024K)]


Current CompileTask:
C2:34568 13981       4       org.gradle.internal.snapshot.AbstractIncompleteFileSystemNode::store (43 bytes)

Stack: [0x00000065ba400000,0x00000065ba500000]
Native frames: (J=compiled Java code, j=interpreted, Vv=VM code, C=native code)
V  [jvm.dll+0x6d25c9]
V  [jvm.dll+0x860923]
V  [jvm.dll+0x862e7e]
V  [jvm.dll+0x863563]
V  [jvm.dll+0x27f156]
V  [jvm.dll+0xc002d]
V  [jvm.dll+0xc0563]
V  [jvm.dll+0x3b6d3b]
V  [jvm.dll+0x382c27]
V  [jvm.dll+0x38209a]
V  [jvm.dll+0x247e72]
V  [jvm.dll+0x247441]
V  [jvm.dll+0x1c5fb4]
V  [jvm.dll+0x256bac]
V  [jvm.dll+0x2550f6]
V  [jvm.dll+0x3f1d16]
V  [jvm.dll+0x808d08]
V  [jvm.dll+0x6d0e1d]
C  [ucrtbase.dll+0x37b0]
C  [KERNEL32.DLL+0x2e8d7]
C  [ntdll.dll+0x8c3fc]


---------------  P R O C E S S  ---------------

Threads class SMR info:
_java_thread_list=0x00000177946b5110, length=178, elements={
0x00000177f3199760, 0x00000177fbdf9d50, 0x00000177fbe00950, 0x00000177fbe18770,
0x00000177fbe20dd0, 0x00000177fbe21440, 0x00000177fbe36b40, 0x00000177fbe371b0,
0x00000177fbe49b70, 0x00000177fbe523a0, 0x00000177fc0ee1b0, 0x00000177fdcea610,
0x00000177fdd3d8e0, 0x00000177fdf0cbb0, 0x00000177fde0f220, 0x00000177fdffca50,
0x00000177fdde9d00, 0x00000177fe033e30, 0x00000177fe0372e0, 0x00000177fe0365c0,
0x00000177fe035210, 0x00000177fe036c50, 0x00000177fe0358a0, 0x00000177fe037970,
0x00000177fe0344f0, 0x00000177fe034b80, 0x00000177948aa2a0, 0x00000177948a9580,
0x00000177948a81d0, 0x00000177948a9c10, 0x00000177948aafc0, 0x00000177948a7b40,
0x000001779655aef0, 0x000001779655b580, 0x000001779655a1d0, 0x000001779655a860,
0x000001779655bc10, 0x000001779655c930, 0x00000177965594b0, 0x000001779655ea00,
0x000001779655cfc0, 0x0000017796560ad0, 0x000001779655d650, 0x000001779655f720,
0x000001779655dce0, 0x000001779655e370, 0x000001779655fdb0, 0x000001779655f090,
0x0000017796560440, 0x00000177fe4cce50, 0x00000177fe4ca060, 0x00000177fe4ca6f0,
0x00000177fe4c99d0, 0x00000177fe4cfc40, 0x00000177fe4cdb70, 0x00000177fe4ce200,
0x00000177fe4cef20, 0x00000177fe4cd4e0, 0x00000177fe4d02d0, 0x00000177fe4d0960,
0x00000177fe4d0ff0, 0x00000177fe4cf5b0, 0x00000177fe4ce890, 0x00000177963520e0,
0x0000017796355bf0, 0x0000017796353490, 0x0000017796352e00, 0x0000017796354840,
0x00000177963541b0, 0x0000017796355560, 0x0000017796352770, 0x0000017796354ed0,
0x0000017796356910, 0x0000017796356280, 0x0000017796356fa0, 0x0000017796353b20,
0x0000017796357630, 0x0000017796358350, 0x00000177963589e0, 0x0000017796357cc0,
0x0000017796359070, 0x0000017796359700, 0x00000177933d8e40, 0x00000177933d94d0,
0x00000177933da1f0, 0x00000177933db5a0, 0x00000177933dbc30, 0x00000177fbe54c80,
0x00000177933dc950, 0x00000177933dcfe0, 0x00000177933dd670, 0x00000177933ddd00,
0x00000177933dea20, 0x00000177933de390, 0x00000177933df0b0, 0x00000177938e3d70,
0x00000177938e4a90, 0x00000177938e1610, 0x00000177938e5120, 0x00000177938e4400,
0x00000177938e57b0, 0x00000177938e7880, 0x00000177938e64d0, 0x00000177938e6b60,
0x00000177938e71f0, 0x0000017796b71fb0, 0x0000017796b72640, 0x0000017796b72cd0,
0x0000017796b73360, 0x0000017796b6fee0, 0x0000017796b739f0, 0x0000017796b70570,
0x0000017796b74080, 0x0000017796b70c00, 0x0000017796b74710, 0x0000017796b71290,
0x0000017796b74da0, 0x0000017796b71920, 0x0000017796b767e0, 0x0000017796b75430,
0x0000017796b75ac0, 0x0000017796b76150, 0x0000017796b76e70, 0x000001779658b370,
0x000001779658c090, 0x000001779658ba00, 0x000001779658c720, 0x000001779658a650,
0x000001779658cdb0, 0x0000017796589930, 0x0000017796589fc0, 0x00000177fd445470,
0x00000177fd444de0, 0x00000177fd442680, 0x00000177fd4440c0, 0x00000177fd445b00,
0x00000177fd4433a0, 0x00000177fd446190, 0x00000177fd442d10, 0x00000177fd446820,
0x00000177fd446eb0, 0x00000177fd447540, 0x00000177fd447bd0, 0x00000177fd444750,
0x00000177fd448260, 0x00000177fd4488f0, 0x00000177fd448f80, 0x00000177fd449610,
0x00000177ff1ef360, 0x00000177ff1ed290, 0x00000177ff1ef9f0, 0x00000177ff1f0080,
0x00000177ff1eecd0, 0x00000177ff1f0710, 0x00000177ff1f0da0, 0x00000177ff1ed920,
0x00000177ff1f1430, 0x00000177968ba1c0, 0x00000177968baee0, 0x00000177968b7a60,
0x00000177968ba850, 0x00000177968b80f0, 0x00000177968bb570, 0x00000177968bbc00,
0x00000177968bc920, 0x00000177968bc290, 0x00000177968b94a0, 0x00000177968be9f0,
0x00000177968bdcd0, 0x00000177968b8780, 0x00000177968bcfb0, 0x00000177968b9b30,
0x00000177968bf080, 0x00000177968be360, 0x00000177968bf710, 0x00000177968bfda0,
0x00000177968c0430, 0x000001779627d480
}

Java Threads: ( => current thread )
  0x00000177f3199760 JavaThread "main"                              [_thread_blocked, id=26552, stack(0x00000065ae100000,0x00000065ae200000) (1024K)]
  0x00000177fbdf9d50 JavaThread "Common-Cleaner"             daemon [_thread_blocked, id=2452, stack(0x00000065ae900000,0x00000065aea00000) (1024K)]
  0x00000177fbe00950 JavaThread "Reference Handler"          daemon [_thread_blocked, id=3192, stack(0x00000065aea00000,0x00000065aeb00000) (1024K)]
  0x00000177fbe18770 JavaThread "Finalizer"                  daemon [_thread_blocked, id=15580, stack(0x00000065aeb00000,0x00000065aec00000) (1024K)]
  0x00000177fbe20dd0 JavaThread "Signal Dispatcher"          daemon [_thread_blocked, id=3664, stack(0x00000065aec00000,0x00000065aed00000) (1024K)]
  0x00000177fbe21440 JavaThread "Attach Listener"            daemon [_thread_blocked, id=11720, stack(0x00000065aed00000,0x00000065aee00000) (1024K)]
  0x00000177fbe36b40 JavaThread "Service Thread"             daemon [_thread_blocked, id=25968, stack(0x00000065aee00000,0x00000065aef00000) (1024K)]
  0x00000177fbe371b0 JavaThread "Monitor Deflation Thread"   daemon [_thread_blocked, id=21904, stack(0x00000065aef00000,0x00000065af000000) (1024K)]
  0x00000177fbe49b70 JavaThread "C2 CompilerThread0"         daemon [_thread_in_native, id=17844, stack(0x00000065af000000,0x00000065af100000) (1024K)]
  0x00000177fbe523a0 JavaThread "C1 CompilerThread0"         daemon [_thread_blocked, id=7520, stack(0x00000065af100000,0x00000065af200000) (1024K)]
  0x00000177fc0ee1b0 JavaThread "Notification Thread"        daemon [_thread_blocked, id=18128, stack(0x00000065af200000,0x00000065af300000) (1024K)]
  0x00000177fdcea610 JavaThread "Daemon health stats"               [_thread_blocked, id=25792, stack(0x00000065afc00000,0x00000065afd00000) (1024K)]
  0x00000177fdd3d8e0 JavaThread "Incoming local TCP Connector on port 62244"        [_thread_in_native, id=25840, stack(0x00000065afd00000,0x00000065afe00000) (1024K)]
  0x00000177fdf0cbb0 JavaThread "Daemon periodic checks"            [_thread_blocked, id=9640, stack(0x00000065afe00000,0x00000065aff00000) (1024K)]
  0x00000177fde0f220 JavaThread "Daemon"                            [_thread_blocked, id=23300, stack(0x00000065aff00000,0x00000065b0000000) (1024K)]
  0x00000177fdffca50 JavaThread "Handler for socket connection from /127.0.0.1:62244 to /127.0.0.1:62245"        [_thread_in_native, id=23256, stack(0x00000065b0000000,0x00000065b0100000) (1024K)]
  0x00000177fdde9d00 JavaThread "Cancel handler"                    [_thread_blocked, id=11336, stack(0x00000065b0100000,0x00000065b0200000) (1024K)]
  0x00000177fe033e30 JavaThread "Daemon worker"                     [_thread_blocked, id=6252, stack(0x00000065af300000,0x00000065af400000) (1024K)]
  0x00000177fe0372e0 JavaThread "Asynchronous log dispatcher for DefaultDaemonConnection: socket connection from /127.0.0.1:62244 to /127.0.0.1:62245"        [_thread_blocked, id=10836, stack(0x00000065b0200000,0x00000065b0300000) (1024K)]
  0x00000177fe0365c0 JavaThread "Stdin handler"                     [_thread_blocked, id=23860, stack(0x00000065b0300000,0x00000065b0400000) (1024K)]
  0x00000177fe035210 JavaThread "Daemon client event forwarder"        [_thread_blocked, id=24644, stack(0x00000065b0400000,0x00000065b0500000) (1024K)]
  0x00000177fe036c50 JavaThread "Cache worker for journal cache (C:\Users\lucas\.gradle\caches\journal-1)"        [_thread_blocked, id=9516, stack(0x00000065b0800000,0x00000065b0900000) (1024K)]
  0x00000177fe0358a0 JavaThread "File lock request listener"        [_thread_in_native, id=21204, stack(0x00000065b0900000,0x00000065b0a00000) (1024K)]
  0x00000177fe037970 JavaThread "Cache worker for file hash cache (C:\Users\lucas\.gradle\caches\8.13\fileHashes)"        [_thread_in_native, id=19424, stack(0x00000065b0a00000,0x00000065b0b00000) (1024K)]
  0x00000177fe0344f0 JavaThread "Cache worker for file hash cache (A:\Proiecte\SwiftBank\frontend\.gradle\8.13\fileHashes)"        [_thread_blocked, id=10200, stack(0x00000065b0d00000,0x00000065b0e00000) (1024K)]
  0x00000177fe034b80 JavaThread "Cache worker for Build Output Cleanup Cache (A:\Proiecte\SwiftBank\frontend\.gradle\buildOutputCleanup)"        [_thread_blocked, id=25400, stack(0x00000065b0e00000,0x00000065b0f00000) (1024K)]
  0x00000177948aa2a0 JavaThread "File watcher server"        daemon [_thread_in_native, id=22268, stack(0x00000065b0f00000,0x00000065b1000000) (1024K)]
  0x00000177948a9580 JavaThread "File watcher consumer"      daemon [_thread_blocked, id=6972, stack(0x00000065b1000000,0x00000065b1100000) (1024K)]
  0x00000177948a81d0 JavaThread "jar transforms"                    [_thread_blocked, id=6056, stack(0x00000065b0c00000,0x00000065b0d00000) (1024K)]
  0x00000177948a9c10 JavaThread "jar transforms Thread 2"           [_thread_blocked, id=1816, stack(0x00000065b1100000,0x00000065b1200000) (1024K)]
  0x00000177948aafc0 JavaThread "Cache worker for checksums cache (A:\Proiecte\SwiftBank\frontend\.gradle\8.13\checksums)"        [_thread_blocked, id=11740, stack(0x00000065b1300000,0x00000065b1400000) (1024K)]
  0x00000177948a7b40 JavaThread "Cache worker for file content cache (C:\Users\lucas\.gradle\caches\8.13\fileContent)"        [_thread_blocked, id=19428, stack(0x00000065b1400000,0x00000065b1500000) (1024K)]
  0x000001779655aef0 JavaThread "jar transforms Thread 3"           [_thread_blocked, id=13604, stack(0x00000065b0b00000,0x00000065b0c00000) (1024K)]
  0x000001779655b580 JavaThread "Cache worker for cache directory md-supplier (C:\Users\lucas\.gradle\caches\8.13\md-supplier)"        [_thread_blocked, id=13280, stack(0x00000065b1600000,0x00000065b1700000) (1024K)]
  0x000001779655a1d0 JavaThread "Cache worker for cache directory md-rule (C:\Users\lucas\.gradle\caches\8.13\md-rule)"        [_thread_blocked, id=23852, stack(0x00000065b1700000,0x00000065b1800000) (1024K)]
  0x000001779655a860 JavaThread "Unconstrained build operations"        [_thread_blocked, id=19436, stack(0x00000065b1500000,0x00000065b1600000) (1024K)]
  0x000001779655bc10 JavaThread "Unconstrained build operations Thread 2"        [_thread_blocked, id=21844, stack(0x00000065b1800000,0x00000065b1900000) (1024K)]
  0x000001779655c930 JavaThread "Unconstrained build operations Thread 3"        [_thread_blocked, id=19472, stack(0x00000065b1900000,0x00000065b1a00000) (1024K)]
  0x00000177965594b0 JavaThread "Unconstrained build operations Thread 4"        [_thread_blocked, id=11208, stack(0x00000065b1a00000,0x00000065b1b00000) (1024K)]
  0x000001779655ea00 JavaThread "Unconstrained build operations Thread 5"        [_thread_blocked, id=380, stack(0x00000065b1b00000,0x00000065b1c00000) (1024K)]
  0x000001779655cfc0 JavaThread "Unconstrained build operations Thread 6"        [_thread_blocked, id=13808, stack(0x00000065b1c00000,0x00000065b1d00000) (1024K)]
  0x0000017796560ad0 JavaThread "Unconstrained build operations Thread 7"        [_thread_blocked, id=18896, stack(0x00000065b1d00000,0x00000065b1e00000) (1024K)]
  0x000001779655d650 JavaThread "Unconstrained build operations Thread 8"        [_thread_blocked, id=13360, stack(0x00000065b1e00000,0x00000065b1f00000) (1024K)]
  0x000001779655f720 JavaThread "jar transforms Thread 4"           [_thread_blocked, id=17732, stack(0x00000065b2000000,0x00000065b2100000) (1024K)]
  0x000001779655dce0 JavaThread "jar transforms Thread 5"           [_thread_blocked, id=24808, stack(0x00000065b2100000,0x00000065b2200000) (1024K)]
  0x000001779655e370 JavaThread "Unconstrained build operations Thread 9"        [_thread_blocked, id=15504, stack(0x00000065b2200000,0x00000065b2300000) (1024K)]
  0x000001779655fdb0 JavaThread "Unconstrained build operations Thread 10"        [_thread_blocked, id=24260, stack(0x00000065b2300000,0x00000065b2400000) (1024K)]
  0x000001779655f090 JavaThread "Unconstrained build operations Thread 11"        [_thread_blocked, id=11904, stack(0x00000065b2400000,0x00000065b2500000) (1024K)]
  0x0000017796560440 JavaThread "Unconstrained build operations Thread 12"        [_thread_blocked, id=1912, stack(0x00000065b2500000,0x00000065b2600000) (1024K)]
  0x00000177fe4cce50 JavaThread "jar transforms Thread 6"           [_thread_blocked, id=24952, stack(0x00000065b2600000,0x00000065b2700000) (1024K)]
  0x00000177fe4ca060 JavaThread "jar transforms Thread 7"           [_thread_blocked, id=21492, stack(0x00000065b2700000,0x00000065b2800000) (1024K)]
  0x00000177fe4ca6f0 JavaThread "jar transforms Thread 8"           [_thread_blocked, id=24564, stack(0x00000065b2800000,0x00000065b2900000) (1024K)]
  0x00000177fe4c99d0 JavaThread "Unconstrained build operations Thread 13"        [_thread_in_Java, id=23152, stack(0x00000065b1f00000,0x00000065b2000000) (1024K)]
  0x00000177fe4cfc40 JavaThread "Unconstrained build operations Thread 14"        [_thread_blocked, id=19944, stack(0x00000065b2900000,0x00000065b2a00000) (1024K)]
  0x00000177fe4cdb70 JavaThread "Unconstrained build operations Thread 15"        [_thread_blocked, id=19448, stack(0x00000065b2a00000,0x00000065b2b00000) (1024K)]
  0x00000177fe4ce200 JavaThread "Unconstrained build operations Thread 16"        [_thread_blocked, id=16072, stack(0x00000065b2b00000,0x00000065b2c00000) (1024K)]
  0x00000177fe4cef20 JavaThread "Unconstrained build operations Thread 17"        [_thread_blocked, id=17628, stack(0x00000065b2c00000,0x00000065b2d00000) (1024K)]
  0x00000177fe4cd4e0 JavaThread "Unconstrained build operations Thread 18"        [_thread_blocked, id=20048, stack(0x00000065b2d00000,0x00000065b2e00000) (1024K)]
  0x00000177fe4d02d0 JavaThread "Unconstrained build operations Thread 19"        [_thread_in_native, id=18608, stack(0x00000065b2e00000,0x00000065b2f00000) (1024K)]
  0x00000177fe4d0960 JavaThread "Unconstrained build operations Thread 20"        [_thread_blocked, id=10968, stack(0x00000065b2f00000,0x00000065b3000000) (1024K)]
  0x00000177fe4d0ff0 JavaThread "Unconstrained build operations Thread 21"        [_thread_blocked, id=10280, stack(0x00000065b3000000,0x00000065b3100000) (1024K)]
  0x00000177fe4cf5b0 JavaThread "Unconstrained build operations Thread 22"        [_thread_in_native, id=19668, stack(0x00000065b3100000,0x00000065b3200000) (1024K)]
  0x00000177fe4ce890 JavaThread "Unconstrained build operations Thread 23"        [_thread_in_vm, id=3764, stack(0x00000065b3200000,0x00000065b3300000) (1024K)]
  0x00000177963520e0 JavaThread "Unconstrained build operations Thread 24"        [_thread_blocked, id=23412, stack(0x00000065b3300000,0x00000065b3400000) (1024K)]
  0x0000017796355bf0 JavaThread "Unconstrained build operations Thread 25"        [_thread_blocked, id=23776, stack(0x00000065b3400000,0x00000065b3500000) (1024K)]
  0x0000017796353490 JavaThread "Unconstrained build operations Thread 26"        [_thread_blocked, id=26132, stack(0x00000065b3500000,0x00000065b3600000) (1024K)]
  0x0000017796352e00 JavaThread "Unconstrained build operations Thread 27"        [_thread_blocked, id=23516, stack(0x00000065b3600000,0x00000065b3700000) (1024K)]
  0x0000017796354840 JavaThread "Unconstrained build operations Thread 28"        [_thread_blocked, id=4892, stack(0x00000065b3700000,0x00000065b3800000) (1024K)]
  0x00000177963541b0 JavaThread "Unconstrained build operations Thread 29"        [_thread_blocked, id=8540, stack(0x00000065b3800000,0x00000065b3900000) (1024K)]
  0x0000017796355560 JavaThread "Unconstrained build operations Thread 30"        [_thread_blocked, id=15660, stack(0x00000065b3900000,0x00000065b3a00000) (1024K)]
  0x0000017796352770 JavaThread "Unconstrained build operations Thread 31"        [_thread_blocked, id=11476, stack(0x00000065b3a00000,0x00000065b3b00000) (1024K)]
  0x0000017796354ed0 JavaThread "Unconstrained build operations Thread 32"        [_thread_blocked, id=5548, stack(0x00000065b3b00000,0x00000065b3c00000) (1024K)]
  0x0000017796356910 JavaThread "Unconstrained build operations Thread 33"        [_thread_blocked, id=25100, stack(0x00000065b3c00000,0x00000065b3d00000) (1024K)]
  0x0000017796356280 JavaThread "Unconstrained build operations Thread 34"        [_thread_blocked, id=22080, stack(0x00000065b3d00000,0x00000065b3e00000) (1024K)]
  0x0000017796356fa0 JavaThread "Unconstrained build operations Thread 35"        [_thread_blocked, id=26288, stack(0x00000065b3e00000,0x00000065b3f00000) (1024K)]
  0x0000017796353b20 JavaThread "Unconstrained build operations Thread 36"        [_thread_blocked, id=13416, stack(0x00000065b3f00000,0x00000065b4000000) (1024K)]
  0x0000017796357630 JavaThread "Unconstrained build operations Thread 37"        [_thread_blocked, id=16828, stack(0x00000065b4000000,0x00000065b4100000) (1024K)]
  0x0000017796358350 JavaThread "Unconstrained build operations Thread 38"        [_thread_blocked, id=19500, stack(0x00000065b4100000,0x00000065b4200000) (1024K)]
  0x00000177963589e0 JavaThread "Unconstrained build operations Thread 39"        [_thread_blocked, id=15792, stack(0x00000065b4200000,0x00000065b4300000) (1024K)]
  0x0000017796357cc0 JavaThread "Unconstrained build operations Thread 40"        [_thread_blocked, id=23988, stack(0x00000065b4300000,0x00000065b4400000) (1024K)]
  0x0000017796359070 JavaThread "Unconstrained build operations Thread 41"        [_thread_blocked, id=26436, stack(0x00000065b4400000,0x00000065b4500000) (1024K)]
  0x0000017796359700 JavaThread "Unconstrained build operations Thread 42"        [_thread_blocked, id=20272, stack(0x00000065b4500000,0x00000065b4600000) (1024K)]
  0x00000177933d8e40 JavaThread "Unconstrained build operations Thread 43"        [_thread_blocked, id=3456, stack(0x00000065b4600000,0x00000065b4700000) (1024K)]
  0x00000177933d94d0 JavaThread "Unconstrained build operations Thread 44"        [_thread_blocked, id=2964, stack(0x00000065b4700000,0x00000065b4800000) (1024K)]
  0x00000177933da1f0 JavaThread "Unconstrained build operations Thread 45"        [_thread_blocked, id=21620, stack(0x00000065b4800000,0x00000065b4900000) (1024K)]
  0x00000177933db5a0 JavaThread "build event listener"              [_thread_blocked, id=25556, stack(0x00000065b1200000,0x00000065b1300000) (1024K)]
  0x00000177933dbc30 JavaThread "Memory manager"                    [_thread_blocked, id=22192, stack(0x00000065b4a00000,0x00000065b4b00000) (1024K)]
  0x00000177fbe54c80 JavaThread "C2 CompilerThread1"         daemon [_thread_in_native, id=22068, stack(0x00000065b4900000,0x00000065b4a00000) (1024K)]
  0x00000177933dc950 JavaThread "included builds"                   [_thread_blocked, id=23888, stack(0x00000065b4c00000,0x00000065b4d00000) (1024K)]
  0x00000177933dcfe0 JavaThread "Execution worker"                  [_thread_in_native, id=14996, stack(0x00000065b4d00000,0x00000065b4e00000) (1024K)]
  0x00000177933dd670 JavaThread "Execution worker Thread 2"         [_thread_blocked, id=20396, stack(0x00000065b4e00000,0x00000065b4f00000) (1024K)]
  0x00000177933ddd00 JavaThread "Execution worker Thread 3"         [_thread_blocked, id=22044, stack(0x00000065b4f00000,0x00000065b5000000) (1024K)]
  0x00000177933dea20 JavaThread "Execution worker Thread 4"         [_thread_blocked, id=21568, stack(0x00000065b5000000,0x00000065b5100000) (1024K)]
  0x00000177933de390 JavaThread "Execution worker Thread 5"         [_thread_blocked, id=16592, stack(0x00000065b5100000,0x00000065b5200000) (1024K)]
  0x00000177933df0b0 JavaThread "Execution worker Thread 6"         [_thread_blocked, id=5836, stack(0x00000065b5200000,0x00000065b5300000) (1024K)]
  0x00000177938e3d70 JavaThread "Execution worker Thread 7"         [_thread_blocked, id=21788, stack(0x00000065b5300000,0x00000065b5400000) (1024K)]
  0x00000177938e4a90 JavaThread "Execution worker Thread 8"         [_thread_blocked, id=23664, stack(0x00000065b5400000,0x00000065b5500000) (1024K)]
  0x00000177938e1610 JavaThread "Execution worker Thread 9"         [_thread_blocked, id=24520, stack(0x00000065b5500000,0x00000065b5600000) (1024K)]
  0x00000177938e5120 JavaThread "Execution worker Thread 10"        [_thread_blocked, id=25760, stack(0x00000065b5600000,0x00000065b5700000) (1024K)]
  0x00000177938e4400 JavaThread "Execution worker Thread 11"        [_thread_blocked, id=26544, stack(0x00000065b5700000,0x00000065b5800000) (1024K)]
  0x00000177938e57b0 JavaThread "Cache worker for execution history cache (A:\Proiecte\SwiftBank\frontend\.gradle\8.13\executionHistory)"        [_thread_blocked, id=5212, stack(0x00000065b5800000,0x00000065b5900000) (1024K)]
  0x00000177938e7880 JavaThread "Unconstrained build operations Thread 46"        [_thread_blocked, id=18436, stack(0x00000065b5900000,0x00000065b5a00000) (1024K)]
  0x00000177938e64d0 JavaThread "Unconstrained build operations Thread 47"        [_thread_blocked, id=23640, stack(0x00000065b5a00000,0x00000065b5b00000) (1024K)]
  0x00000177938e6b60 JavaThread "Unconstrained build operations Thread 48"        [_thread_blocked, id=26284, stack(0x00000065b5b00000,0x00000065b5c00000) (1024K)]
  0x00000177938e71f0 JavaThread "Unconstrained build operations Thread 49"        [_thread_blocked, id=15724, stack(0x00000065b5c00000,0x00000065b5d00000) (1024K)]
  0x0000017796b71fb0 JavaThread "Unconstrained build operations Thread 50"        [_thread_blocked, id=11684, stack(0x00000065b5d00000,0x00000065b5e00000) (1024K)]
  0x0000017796b72640 JavaThread "Unconstrained build operations Thread 51"        [_thread_blocked, id=23012, stack(0x00000065b5e00000,0x00000065b5f00000) (1024K)]
  0x0000017796b72cd0 JavaThread "Unconstrained build operations Thread 52"        [_thread_blocked, id=14068, stack(0x00000065b5f00000,0x00000065b6000000) (1024K)]
  0x0000017796b73360 JavaThread "Unconstrained build operations Thread 53"        [_thread_blocked, id=16392, stack(0x00000065b6000000,0x00000065b6100000) (1024K)]
  0x0000017796b6fee0 JavaThread "Unconstrained build operations Thread 54"        [_thread_blocked, id=25892, stack(0x00000065b6100000,0x00000065b6200000) (1024K)]
  0x0000017796b739f0 JavaThread "Unconstrained build operations Thread 55"        [_thread_blocked, id=21288, stack(0x00000065b6200000,0x00000065b6300000) (1024K)]
  0x0000017796b70570 JavaThread "Unconstrained build operations Thread 56"        [_thread_blocked, id=14728, stack(0x00000065b6300000,0x00000065b6400000) (1024K)]
  0x0000017796b74080 JavaThread "Unconstrained build operations Thread 57"        [_thread_blocked, id=4672, stack(0x00000065b6400000,0x00000065b6500000) (1024K)]
  0x0000017796b70c00 JavaThread "Unconstrained build operations Thread 58"        [_thread_blocked, id=24908, stack(0x00000065b6500000,0x00000065b6600000) (1024K)]
  0x0000017796b74710 JavaThread "Unconstrained build operations Thread 59"        [_thread_blocked, id=18460, stack(0x00000065b6600000,0x00000065b6700000) (1024K)]
  0x0000017796b71290 JavaThread "Unconstrained build operations Thread 60"        [_thread_blocked, id=25660, stack(0x00000065b6700000,0x00000065b6800000) (1024K)]
  0x0000017796b74da0 JavaThread "Unconstrained build operations Thread 61"        [_thread_blocked, id=13824, stack(0x00000065b6800000,0x00000065b6900000) (1024K)]
  0x0000017796b71920 JavaThread "Unconstrained build operations Thread 62"        [_thread_blocked, id=25824, stack(0x00000065b6900000,0x00000065b6a00000) (1024K)]
  0x0000017796b767e0 JavaThread "Unconstrained build operations Thread 63"        [_thread_blocked, id=2936, stack(0x00000065b6a00000,0x00000065b6b00000) (1024K)]
  0x0000017796b75430 JavaThread "Unconstrained build operations Thread 64"        [_thread_blocked, id=24416, stack(0x00000065b6b00000,0x00000065b6c00000) (1024K)]
  0x0000017796b75ac0 JavaThread "Unconstrained build operations Thread 65"        [_thread_blocked, id=19800, stack(0x00000065b6c00000,0x00000065b6d00000) (1024K)]
  0x0000017796b76150 JavaThread "Unconstrained build operations Thread 66"        [_thread_blocked, id=18580, stack(0x00000065b6d00000,0x00000065b6e00000) (1024K)]
  0x0000017796b76e70 JavaThread "Unconstrained build operations Thread 67"        [_thread_blocked, id=24048, stack(0x00000065b6e00000,0x00000065b6f00000) (1024K)]
  0x000001779658b370 JavaThread "Unconstrained build operations Thread 68"        [_thread_blocked, id=4572, stack(0x00000065b6f00000,0x00000065b7000000) (1024K)]
  0x000001779658c090 JavaThread "Unconstrained build operations Thread 69"        [_thread_blocked, id=24804, stack(0x00000065b7000000,0x00000065b7100000) (1024K)]
  0x000001779658ba00 JavaThread "Unconstrained build operations Thread 70"        [_thread_blocked, id=23488, stack(0x00000065b7100000,0x00000065b7200000) (1024K)]
  0x000001779658c720 JavaThread "Unconstrained build operations Thread 71"        [_thread_blocked, id=8280, stack(0x00000065b7200000,0x00000065b7300000) (1024K)]
  0x000001779658a650 JavaThread "Unconstrained build operations Thread 72"        [_thread_blocked, id=19048, stack(0x00000065b7300000,0x00000065b7400000) (1024K)]
  0x000001779658cdb0 JavaThread "Unconstrained build operations Thread 73"        [_thread_blocked, id=8212, stack(0x00000065b7400000,0x00000065b7500000) (1024K)]
  0x0000017796589930 JavaThread "Unconstrained build operations Thread 74"        [_thread_blocked, id=5568, stack(0x00000065b7500000,0x00000065b7600000) (1024K)]
  0x0000017796589fc0 JavaThread "Unconstrained build operations Thread 75"        [_thread_blocked, id=21740, stack(0x00000065b7600000,0x00000065b7700000) (1024K)]
  0x00000177fd445470 JavaThread "Unconstrained build operations Thread 76"        [_thread_blocked, id=25092, stack(0x00000065b7700000,0x00000065b7800000) (1024K)]
  0x00000177fd444de0 JavaThread "Unconstrained build operations Thread 77"        [_thread_blocked, id=23240, stack(0x00000065b7800000,0x00000065b7900000) (1024K)]
  0x00000177fd442680 JavaThread "Unconstrained build operations Thread 78"        [_thread_blocked, id=26504, stack(0x00000065b7900000,0x00000065b7a00000) (1024K)]
  0x00000177fd4440c0 JavaThread "Unconstrained build operations Thread 79"        [_thread_blocked, id=24424, stack(0x00000065b7a00000,0x00000065b7b00000) (1024K)]
  0x00000177fd445b00 JavaThread "Unconstrained build operations Thread 80"        [_thread_blocked, id=25900, stack(0x00000065b7b00000,0x00000065b7c00000) (1024K)]
  0x00000177fd4433a0 JavaThread "Unconstrained build operations Thread 81"        [_thread_blocked, id=24716, stack(0x00000065b7c00000,0x00000065b7d00000) (1024K)]
  0x00000177fd446190 JavaThread "Unconstrained build operations Thread 82"        [_thread_blocked, id=7464, stack(0x00000065b7d00000,0x00000065b7e00000) (1024K)]
  0x00000177fd442d10 JavaThread "Unconstrained build operations Thread 83"        [_thread_blocked, id=25700, stack(0x00000065b7e00000,0x00000065b7f00000) (1024K)]
  0x00000177fd446820 JavaThread "Unconstrained build operations Thread 84"        [_thread_blocked, id=17848, stack(0x00000065b7f00000,0x00000065b8000000) (1024K)]
  0x00000177fd446eb0 JavaThread "Unconstrained build operations Thread 85"        [_thread_blocked, id=10808, stack(0x00000065b8000000,0x00000065b8100000) (1024K)]
  0x00000177fd447540 JavaThread "Unconstrained build operations Thread 86"        [_thread_blocked, id=24548, stack(0x00000065b8100000,0x00000065b8200000) (1024K)]
  0x00000177fd447bd0 JavaThread "Unconstrained build operations Thread 87"        [_thread_blocked, id=9056, stack(0x00000065b8200000,0x00000065b8300000) (1024K)]
  0x00000177fd444750 JavaThread "Unconstrained build operations Thread 88"        [_thread_blocked, id=18988, stack(0x00000065b8300000,0x00000065b8400000) (1024K)]
  0x00000177fd448260 JavaThread "Unconstrained build operations Thread 89"        [_thread_blocked, id=26196, stack(0x00000065b8400000,0x00000065b8500000) (1024K)]
  0x00000177fd4488f0 JavaThread "Unconstrained build operations Thread 90"        [_thread_blocked, id=16348, stack(0x00000065b8500000,0x00000065b8600000) (1024K)]
  0x00000177fd448f80 JavaThread "Unconstrained build operations Thread 91"        [_thread_blocked, id=7276, stack(0x00000065b8600000,0x00000065b8700000) (1024K)]
  0x00000177fd449610 JavaThread "Unconstrained build operations Thread 92"        [_thread_blocked, id=25636, stack(0x00000065b8700000,0x00000065b8800000) (1024K)]
  0x00000177ff1ef360 JavaThread "Unconstrained build operations Thread 93"        [_thread_blocked, id=25168, stack(0x00000065b8800000,0x00000065b8900000) (1024K)]
  0x00000177ff1ed290 JavaThread "Unconstrained build operations Thread 94"        [_thread_blocked, id=984, stack(0x00000065b8900000,0x00000065b8a00000) (1024K)]
  0x00000177ff1ef9f0 JavaThread "Unconstrained build operations Thread 95"        [_thread_blocked, id=7408, stack(0x00000065b8a00000,0x00000065b8b00000) (1024K)]
  0x00000177ff1f0080 JavaThread "Unconstrained build operations Thread 96"        [_thread_blocked, id=18456, stack(0x00000065b8b00000,0x00000065b8c00000) (1024K)]
  0x00000177ff1eecd0 JavaThread "Unconstrained build operations Thread 97"        [_thread_blocked, id=25352, stack(0x00000065b8c00000,0x00000065b8d00000) (1024K)]
  0x00000177ff1f0710 JavaThread "Unconstrained build operations Thread 98"        [_thread_blocked, id=12376, stack(0x00000065b8d00000,0x00000065b8e00000) (1024K)]
  0x00000177ff1f0da0 JavaThread "Unconstrained build operations Thread 99"        [_thread_blocked, id=5636, stack(0x00000065b8e00000,0x00000065b8f00000) (1024K)]
  0x00000177ff1ed920 JavaThread "Unconstrained build operations Thread 100"        [_thread_blocked, id=25392, stack(0x00000065b8f00000,0x00000065b9000000) (1024K)]
  0x00000177ff1f1430 JavaThread "Unconstrained build operations Thread 101"        [_thread_blocked, id=1252, stack(0x00000065b9000000,0x00000065b9100000) (1024K)]
  0x00000177968ba1c0 JavaThread "WorkerExecutor Queue"              [_thread_blocked, id=19360, stack(0x00000065b4b00000,0x00000065b4c00000) (1024K)]
  0x00000177968baee0 JavaThread "Unconstrained build operations Thread 102"        [_thread_blocked, id=4140, stack(0x00000065b9100000,0x00000065b9200000) (1024K)]
  0x00000177968b7a60 JavaThread "Unconstrained build operations Thread 103"        [_thread_blocked, id=8952, stack(0x00000065b9200000,0x00000065b9300000) (1024K)]
  0x00000177968ba850 JavaThread "Unconstrained build operations Thread 104"        [_thread_blocked, id=15588, stack(0x00000065b9300000,0x00000065b9400000) (1024K)]
  0x00000177968b80f0 JavaThread "Unconstrained build operations Thread 105"        [_thread_blocked, id=14952, stack(0x00000065b9400000,0x00000065b9500000) (1024K)]
  0x00000177968bb570 JavaThread "Unconstrained build operations Thread 106"        [_thread_blocked, id=11816, stack(0x00000065b9500000,0x00000065b9600000) (1024K)]
  0x00000177968bbc00 JavaThread "Unconstrained build operations Thread 107"        [_thread_blocked, id=25620, stack(0x00000065b9600000,0x00000065b9700000) (1024K)]
  0x00000177968bc920 JavaThread "Unconstrained build operations Thread 108"        [_thread_blocked, id=18352, stack(0x00000065b9700000,0x00000065b9800000) (1024K)]
  0x00000177968bc290 JavaThread "Unconstrained build operations Thread 109"        [_thread_blocked, id=4360, stack(0x00000065b9800000,0x00000065b9900000) (1024K)]
  0x00000177968b94a0 JavaThread "Unconstrained build operations Thread 110"        [_thread_blocked, id=12980, stack(0x00000065b9900000,0x00000065b9a00000) (1024K)]
  0x00000177968be9f0 JavaThread "Unconstrained build operations Thread 111"        [_thread_blocked, id=23708, stack(0x00000065b9a00000,0x00000065b9b00000) (1024K)]
  0x00000177968bdcd0 JavaThread "Unconstrained build operations Thread 112"        [_thread_blocked, id=7560, stack(0x00000065b9b00000,0x00000065b9c00000) (1024K)]
  0x00000177968b8780 JavaThread "Unconstrained build operations Thread 113"        [_thread_blocked, id=9544, stack(0x00000065b9c00000,0x00000065b9d00000) (1024K)]
  0x00000177968bcfb0 JavaThread "Unconstrained build operations Thread 114"        [_thread_blocked, id=4112, stack(0x00000065b9d00000,0x00000065b9e00000) (1024K)]
  0x00000177968b9b30 JavaThread "Unconstrained build operations Thread 115"        [_thread_blocked, id=14556, stack(0x00000065b9e00000,0x00000065b9f00000) (1024K)]
  0x00000177968bf080 JavaThread "Unconstrained build operations Thread 116"        [_thread_blocked, id=24212, stack(0x00000065b9f00000,0x00000065ba000000) (1024K)]
  0x00000177968be360 JavaThread "Unconstrained build operations Thread 117"        [_thread_blocked, id=16088, stack(0x00000065ba000000,0x00000065ba100000) (1024K)]
  0x00000177968bf710 JavaThread "Unconstrained build operations Thread 118"        [_thread_blocked, id=3548, stack(0x00000065ba100000,0x00000065ba200000) (1024K)]
  0x00000177968bfda0 JavaThread "Unconstrained build operations Thread 119"        [_thread_blocked, id=20856, stack(0x00000065ba200000,0x00000065ba300000) (1024K)]
  0x00000177968c0430 JavaThread "Unconstrained build operations Thread 120"        [_thread_blocked, id=25232, stack(0x00000065ba300000,0x00000065ba400000) (1024K)]
=>0x000001779627d480 JavaThread "C2 CompilerThread2"         daemon [_thread_in_native, id=11504, stack(0x00000065ba400000,0x00000065ba500000) (1024K)]
Total: 178

Other Threads:
  0x00000177fbdad320 VMThread "VM Thread"                           [id=1504, stack(0x00000065ae800000,0x00000065ae900000) (1024K)]
  0x00000177fbd719e0 WatcherThread "VM Periodic Task Thread"        [id=1004, stack(0x00000065ae700000,0x00000065ae800000) (1024K)]
  0x00000177f31f3440 WorkerThread "GC Thread#0"                     [id=1280, stack(0x00000065ae200000,0x00000065ae300000) (1024K)]
  0x00000177fc735790 WorkerThread "GC Thread#1"                     [id=25552, stack(0x00000065af500000,0x00000065af600000) (1024K)]
  0x00000177fc73deb0 WorkerThread "GC Thread#2"                     [id=14228, stack(0x00000065af600000,0x00000065af700000) (1024K)]
  0x00000177fc700b60 WorkerThread "GC Thread#3"                     [id=21520, stack(0x00000065af700000,0x00000065af800000) (1024K)]
  0x00000177fc701510 WorkerThread "GC Thread#4"                     [id=24428, stack(0x00000065af800000,0x00000065af900000) (1024K)]
  0x00000177fddbc9d0 WorkerThread "GC Thread#5"                     [id=25484, stack(0x00000065af400000,0x00000065af500000) (1024K)]
  0x00000177fddbdd80 WorkerThread "GC Thread#6"                     [id=20600, stack(0x00000065af900000,0x00000065afa00000) (1024K)]
  0x00000177fddbe120 WorkerThread "GC Thread#7"                     [id=21556, stack(0x00000065afa00000,0x00000065afb00000) (1024K)]
  0x00000177fddc24e0 WorkerThread "GC Thread#8"                     [id=19964, stack(0x00000065afb00000,0x00000065afc00000) (1024K)]
  0x00000177fddafbc0 WorkerThread "GC Thread#9"                     [id=23972, stack(0x00000065b0500000,0x00000065b0600000) (1024K)]
  0x00000177f3204510 ConcurrentGCThread "G1 Main Marker"            [id=25928, stack(0x00000065ae300000,0x00000065ae400000) (1024K)]
  0x00000177f3205c00 WorkerThread "G1 Conc#0"                       [id=25476, stack(0x00000065ae400000,0x00000065ae500000) (1024K)]
  0x00000177fddaf480 WorkerThread "G1 Conc#1"                       [id=25904, stack(0x00000065b0600000,0x00000065b0700000) (1024K)]
  0x00000177fddb0300 WorkerThread "G1 Conc#2"                       [id=7692, stack(0x00000065b0700000,0x00000065b0800000) (1024K)]
  0x00000177fb369530 ConcurrentGCThread "G1 Refine#0"               [id=2888, stack(0x00000065ae500000,0x00000065ae600000) (1024K)]
  0x00000177fb369bc0 ConcurrentGCThread "G1 Service"                [id=16124, stack(0x00000065ae600000,0x00000065ae700000) (1024K)]
Total: 18

Threads with active compile tasks:
C2 CompilerThread0  34614 13939       4       org.gradle.internal.snapshot.AbstractListChildMap::store (72 bytes)
C2 CompilerThread1  34614 13907       4       org.gradle.internal.snapshot.ChildMap$Entry::handlePath (135 bytes)
C2 CompilerThread2  34614 13981       4       org.gradle.internal.snapshot.AbstractIncompleteFileSystemNode::store (43 bytes)
Total: 3

VM state: not at safepoint (normal execution)

VM Mutex/Monitor currently owned by a thread: None

Heap address: 0x0000000080000000, size: 2048 MB, Compressed Oops mode: 32-bit

CDS archive(s) not mapped
Compressed class space mapped at: 0x0000000100000000-0x0000000140000000, reserved size: 1073741824
Narrow klass base: 0x0000000000000000, Narrow klass shift: 3, Narrow klass range: 0x140000000

GC Precious Log:
 CardTable entry size: 512
 Card Set container configuration: InlinePtr #cards 5 size 8 Array Of Cards #cards 12 size 40 Howl #buckets 4 coarsen threshold 1843 Howl Bitmap #cards 512 size 80 coarsen threshold 460 Card regions per heap region 1 cards per card region 2048
 CPUs: 12 total, 12 available
 Memory: 15591M
 Large Page Support: Disabled
 NUMA Support: Disabled
 Compressed Oops: Enabled (32-bit)
 Heap Region Size: 1M
 Heap Min Capacity: 8M
 Heap Initial Capacity: 244M
 Heap Max Capacity: 2G
 Pre-touch: Disabled
 Parallel Workers: 10
 Concurrent Workers: 3
 Concurrent Refinement Workers: 10
 Periodic GC: Disabled

Heap:
 garbage-first heap   total 189440K, used 168836K [0x0000000080000000, 0x0000000100000000)
  region size 1024K, 65 young (66560K), 6 survivors (6144K)
 Metaspace       used 112935K, committed 115072K, reserved 1179648K
  class space    used 15595K, committed 16640K, reserved 1048576K

Heap Regions: E=young(eden), S=young(survivor), O=old, HS=humongous(starts), HC=humongous(continues), CS=collection set, F=free, TAMS=top-at-mark-start, PB=parsable bottom
|   0|0x0000000080000000, 0x0000000080100000, 0x0000000080100000|100%|HS|  |TAMS 0x0000000080000000| PB 0x0000000080000000| Complete 
|   1|0x0000000080100000, 0x0000000080200000, 0x0000000080200000|100%|HC|  |TAMS 0x0000000080100000| PB 0x0000000080100000| Complete 
|   2|0x0000000080200000, 0x0000000080300000, 0x0000000080300000|100%|HC|  |TAMS 0x0000000080200000| PB 0x0000000080200000| Complete 
|   3|0x0000000080300000, 0x0000000080400000, 0x0000000080400000|100%| O|  |TAMS 0x0000000080300000| PB 0x0000000080300000| Untracked 
|   4|0x0000000080400000, 0x0000000080500000, 0x0000000080500000|100%| O|  |TAMS 0x0000000080400000| PB 0x0000000080400000| Untracked 
|   5|0x0000000080500000, 0x0000000080600000, 0x0000000080600000|100%| O|  |TAMS 0x0000000080500000| PB 0x0000000080500000| Untracked 
|   6|0x0000000080600000, 0x0000000080700000, 0x0000000080700000|100%|HS|  |TAMS 0x0000000080600000| PB 0x0000000080600000| Complete 
|   7|0x0000000080700000, 0x0000000080800000, 0x0000000080800000|100%| O|  |TAMS 0x0000000080700000| PB 0x0000000080700000| Untracked 
|   8|0x0000000080800000, 0x0000000080900000, 0x0000000080900000|100%| O|  |TAMS 0x0000000080800000| PB 0x0000000080800000| Untracked 
|   9|0x0000000080900000, 0x0000000080a00000, 0x0000000080a00000|100%| O|  |TAMS 0x0000000080900000| PB 0x0000000080900000| Untracked 
|  10|0x0000000080a00000, 0x0000000080b00000, 0x0000000080b00000|100%| O|  |TAMS 0x0000000080a00000| PB 0x0000000080a00000| Untracked 
|  11|0x0000000080b00000, 0x0000000080c00000, 0x0000000080c00000|100%| O|  |TAMS 0x0000000080b00000| PB 0x0000000080b00000| Untracked 
|  12|0x0000000080c00000, 0x0000000080d00000, 0x0000000080d00000|100%| O|  |TAMS 0x0000000080c00000| PB 0x0000000080c00000| Untracked 
|  13|0x0000000080d00000, 0x0000000080e00000, 0x0000000080e00000|100%| O|  |TAMS 0x0000000080d00000| PB 0x0000000080d00000| Untracked 
|  14|0x0000000080e00000, 0x0000000080f00000, 0x0000000080f00000|100%| O|  |TAMS 0x0000000080e00000| PB 0x0000000080e00000| Untracked 
|  15|0x0000000080f00000, 0x0000000081000000, 0x0000000081000000|100%| O|  |TAMS 0x0000000080f00000| PB 0x0000000080f00000| Untracked 
|  16|0x0000000081000000, 0x0000000081100000, 0x0000000081100000|100%| O|  |TAMS 0x0000000081000000| PB 0x0000000081000000| Untracked 
|  17|0x0000000081100000, 0x0000000081200000, 0x0000000081200000|100%| O|  |TAMS 0x0000000081100000| PB 0x0000000081100000| Untracked 
|  18|0x0000000081200000, 0x0000000081300000, 0x0000000081300000|100%| O|  |TAMS 0x0000000081200000| PB 0x0000000081200000| Untracked 
|  19|0x0000000081300000, 0x0000000081400000, 0x0000000081400000|100%| O|  |TAMS 0x0000000081300000| PB 0x0000000081300000| Untracked 
|  20|0x0000000081400000, 0x0000000081500000, 0x0000000081500000|100%| O|  |TAMS 0x0000000081400000| PB 0x0000000081400000| Untracked 
|  21|0x0000000081500000, 0x0000000081600000, 0x0000000081600000|100%| O|  |TAMS 0x0000000081500000| PB 0x0000000081500000| Untracked 
|  22|0x0000000081600000, 0x0000000081700000, 0x0000000081700000|100%| O|  |TAMS 0x0000000081600000| PB 0x0000000081600000| Untracked 
|  23|0x0000000081700000, 0x0000000081800000, 0x0000000081800000|100%| O|  |TAMS 0x0000000081700000| PB 0x0000000081700000| Untracked 
|  24|0x0000000081800000, 0x0000000081900000, 0x0000000081900000|100%| O|  |TAMS 0x0000000081800000| PB 0x0000000081800000| Untracked 
|  25|0x0000000081900000, 0x0000000081a00000, 0x0000000081a00000|100%| O|  |TAMS 0x0000000081900000| PB 0x0000000081900000| Untracked 
|  26|0x0000000081a00000, 0x0000000081b00000, 0x0000000081b00000|100%| O|  |TAMS 0x0000000081a00000| PB 0x0000000081a00000| Untracked 
|  27|0x0000000081b00000, 0x0000000081c00000, 0x0000000081c00000|100%| O|  |TAMS 0x0000000081b00000| PB 0x0000000081b00000| Untracked 
|  28|0x0000000081c00000, 0x0000000081d00000, 0x0000000081d00000|100%| O|  |TAMS 0x0000000081c00000| PB 0x0000000081c00000| Untracked 
|  29|0x0000000081d00000, 0x0000000081e00000, 0x0000000081e00000|100%| O|  |TAMS 0x0000000081d00000| PB 0x0000000081d00000| Untracked 
|  30|0x0000000081e00000, 0x0000000081f00000, 0x0000000081f00000|100%| O|  |TAMS 0x0000000081e00000| PB 0x0000000081e00000| Untracked 
|  31|0x0000000081f00000, 0x0000000082000000, 0x0000000082000000|100%| O|  |TAMS 0x0000000081f00000| PB 0x0000000081f00000| Untracked 
|  32|0x0000000082000000, 0x0000000082100000, 0x0000000082100000|100%| O|  |TAMS 0x0000000082000000| PB 0x0000000082000000| Untracked 
|  33|0x0000000082100000, 0x0000000082200000, 0x0000000082200000|100%| O|  |TAMS 0x0000000082100000| PB 0x0000000082100000| Untracked 
|  34|0x0000000082200000, 0x0000000082300000, 0x0000000082300000|100%| O|  |TAMS 0x0000000082200000| PB 0x0000000082200000| Untracked 
|  35|0x0000000082300000, 0x0000000082400000, 0x0000000082400000|100%| O|  |TAMS 0x0000000082300000| PB 0x0000000082300000| Untracked 
|  36|0x0000000082400000, 0x0000000082500000, 0x0000000082500000|100%| O|  |TAMS 0x0000000082400000| PB 0x0000000082400000| Untracked 
|  37|0x0000000082500000, 0x0000000082600000, 0x0000000082600000|100%| O|  |TAMS 0x0000000082500000| PB 0x0000000082500000| Untracked 
|  38|0x0000000082600000, 0x0000000082700000, 0x0000000082700000|100%| O|  |TAMS 0x0000000082600000| PB 0x0000000082600000| Untracked 
|  39|0x0000000082700000, 0x0000000082800000, 0x0000000082800000|100%| O|  |TAMS 0x0000000082700000| PB 0x0000000082700000| Untracked 
|  40|0x0000000082800000, 0x0000000082900000, 0x0000000082900000|100%| O|  |TAMS 0x0000000082800000| PB 0x0000000082800000| Untracked 
|  41|0x0000000082900000, 0x0000000082a00000, 0x0000000082a00000|100%| O|  |TAMS 0x0000000082900000| PB 0x0000000082900000| Untracked 
|  42|0x0000000082a00000, 0x0000000082b00000, 0x0000000082b00000|100%| O|  |TAMS 0x0000000082a00000| PB 0x0000000082a00000| Untracked 
|  43|0x0000000082b00000, 0x0000000082c00000, 0x0000000082c00000|100%| O|  |TAMS 0x0000000082b00000| PB 0x0000000082b00000| Untracked 
|  44|0x0000000082c00000, 0x0000000082d00000, 0x0000000082d00000|100%| O|  |TAMS 0x0000000082c00000| PB 0x0000000082c00000| Untracked 
|  45|0x0000000082d00000, 0x0000000082e00000, 0x0000000082e00000|100%| O|  |TAMS 0x0000000082d00000| PB 0x0000000082d00000| Untracked 
|  46|0x0000000082e00000, 0x0000000082f00000, 0x0000000082f00000|100%| O|  |TAMS 0x0000000082e00000| PB 0x0000000082e00000| Untracked 
|  47|0x0000000082f00000, 0x0000000083000000, 0x0000000083000000|100%| O|  |TAMS 0x0000000082f00000| PB 0x0000000082f00000| Untracked 
|  48|0x0000000083000000, 0x0000000083100000, 0x0000000083100000|100%| O|  |TAMS 0x0000000083000000| PB 0x0000000083000000| Untracked 
|  49|0x0000000083100000, 0x0000000083200000, 0x0000000083200000|100%| O|  |TAMS 0x0000000083100000| PB 0x0000000083100000| Untracked 
|  50|0x0000000083200000, 0x0000000083300000, 0x0000000083300000|100%| O|  |TAMS 0x0000000083200000| PB 0x0000000083200000| Untracked 
|  51|0x0000000083300000, 0x0000000083400000, 0x0000000083400000|100%| O|  |TAMS 0x0000000083300000| PB 0x0000000083300000| Untracked 
|  52|0x0000000083400000, 0x0000000083500000, 0x0000000083500000|100%|HS|  |TAMS 0x0000000083400000| PB 0x0000000083400000| Complete 
|  53|0x0000000083500000, 0x0000000083600000, 0x0000000083600000|100%|HS|  |TAMS 0x0000000083500000| PB 0x0000000083500000| Complete 
|  54|0x0000000083600000, 0x0000000083700000, 0x0000000083700000|100%|HS|  |TAMS 0x0000000083600000| PB 0x0000000083600000| Complete 
|  55|0x0000000083700000, 0x0000000083800000, 0x0000000083800000|100%|HS|  |TAMS 0x0000000083700000| PB 0x0000000083700000| Complete 
|  56|0x0000000083800000, 0x0000000083900000, 0x0000000083900000|100%| O|  |TAMS 0x0000000083800000| PB 0x0000000083800000| Untracked 
|  57|0x0000000083900000, 0x0000000083a00000, 0x0000000083a00000|100%|HS|  |TAMS 0x0000000083900000| PB 0x0000000083900000| Complete 
|  58|0x0000000083a00000, 0x0000000083b00000, 0x0000000083b00000|100%|HS|  |TAMS 0x0000000083a00000| PB 0x0000000083a00000| Complete 
|  59|0x0000000083b00000, 0x0000000083c00000, 0x0000000083c00000|100%| O|  |TAMS 0x0000000083b00000| PB 0x0000000083b00000| Untracked 
|  60|0x0000000083c00000, 0x0000000083d00000, 0x0000000083d00000|100%| O|  |TAMS 0x0000000083c00000| PB 0x0000000083c00000| Untracked 
|  61|0x0000000083d00000, 0x0000000083e00000, 0x0000000083e00000|100%| O|  |TAMS 0x0000000083d00000| PB 0x0000000083d00000| Untracked 
|  62|0x0000000083e00000, 0x0000000083f00000, 0x0000000083f00000|100%| O|  |TAMS 0x0000000083e00000| PB 0x0000000083e00000| Untracked 
|  63|0x0000000083f00000, 0x0000000084000000, 0x0000000084000000|100%| O|  |TAMS 0x0000000083f00000| PB 0x0000000083f00000| Untracked 
|  64|0x0000000084000000, 0x0000000084100000, 0x0000000084100000|100%| O|  |TAMS 0x0000000084000000| PB 0x0000000084000000| Untracked 
|  65|0x0000000084100000, 0x0000000084200000, 0x0000000084200000|100%|HS|  |TAMS 0x0000000084100000| PB 0x0000000084100000| Complete 
|  66|0x0000000084200000, 0x0000000084300000, 0x0000000084300000|100%| O|  |TAMS 0x0000000084200000| PB 0x0000000084200000| Untracked 
|  67|0x0000000084300000, 0x0000000084400000, 0x0000000084400000|100%| O|  |TAMS 0x0000000084300000| PB 0x0000000084300000| Untracked 
|  68|0x0000000084400000, 0x0000000084500000, 0x0000000084500000|100%| O|  |TAMS 0x0000000084400000| PB 0x0000000084400000| Untracked 
|  69|0x0000000084500000, 0x0000000084600000, 0x0000000084600000|100%| O|  |TAMS 0x0000000084500000| PB 0x0000000084500000| Untracked 
|  70|0x0000000084600000, 0x0000000084700000, 0x0000000084700000|100%| O|  |TAMS 0x0000000084600000| PB 0x0000000084600000| Untracked 
|  71|0x0000000084700000, 0x0000000084800000, 0x0000000084800000|100%| O|  |TAMS 0x0000000084700000| PB 0x0000000084700000| Untracked 
|  72|0x0000000084800000, 0x0000000084900000, 0x0000000084900000|100%| O|  |TAMS 0x0000000084800000| PB 0x0000000084800000| Untracked 
|  73|0x0000000084900000, 0x0000000084a00000, 0x0000000084a00000|100%| O|  |TAMS 0x0000000084900000| PB 0x0000000084900000| Untracked 
|  74|0x0000000084a00000, 0x0000000084b00000, 0x0000000084b00000|100%| O|  |TAMS 0x0000000084a00000| PB 0x0000000084a00000| Untracked 
|  75|0x0000000084b00000, 0x0000000084c00000, 0x0000000084c00000|100%| O|  |TAMS 0x0000000084b00000| PB 0x0000000084b00000| Untracked 
|  76|0x0000000084c00000, 0x0000000084d00000, 0x0000000084d00000|100%| O|  |TAMS 0x0000000084c00000| PB 0x0000000084c00000| Untracked 
|  77|0x0000000084d00000, 0x0000000084e00000, 0x0000000084e00000|100%| O|Cm|TAMS 0x0000000084d00000| PB 0x0000000084d00000| Complete 
|  78|0x0000000084e00000, 0x0000000084f00000, 0x0000000084f00000|100%| O|  |TAMS 0x0000000084e00000| PB 0x0000000084e00000| Untracked 
|  79|0x0000000084f00000, 0x0000000085000000, 0x0000000085000000|100%| O|  |TAMS 0x0000000084f00000| PB 0x0000000084f00000| Untracked 
|  80|0x0000000085000000, 0x0000000085100000, 0x0000000085100000|100%| O|  |TAMS 0x0000000085000000| PB 0x0000000085000000| Untracked 
|  81|0x0000000085100000, 0x0000000085200000, 0x0000000085200000|100%| O|  |TAMS 0x0000000085100000| PB 0x0000000085100000| Untracked 
|  82|0x0000000085200000, 0x0000000085300000, 0x0000000085300000|100%| O|  |TAMS 0x0000000085200000| PB 0x0000000085200000| Untracked 
|  83|0x0000000085300000, 0x0000000085400000, 0x0000000085400000|100%| O|  |TAMS 0x0000000085300000| PB 0x0000000085300000| Untracked 
|  84|0x0000000085400000, 0x0000000085500000, 0x0000000085500000|100%| O|  |TAMS 0x0000000085400000| PB 0x0000000085400000| Untracked 
|  85|0x0000000085500000, 0x0000000085600000, 0x0000000085600000|100%| O|  |TAMS 0x0000000085500000| PB 0x0000000085500000| Untracked 
|  86|0x0000000085600000, 0x0000000085700000, 0x0000000085700000|100%| O|  |TAMS 0x0000000085600000| PB 0x0000000085600000| Untracked 
|  87|0x0000000085700000, 0x0000000085800000, 0x0000000085800000|100%| O|  |TAMS 0x0000000085700000| PB 0x0000000085700000| Untracked 
|  88|0x0000000085800000, 0x0000000085900000, 0x0000000085900000|100%| O|  |TAMS 0x0000000085800000| PB 0x0000000085800000| Untracked 
|  89|0x0000000085900000, 0x0000000085a00000, 0x0000000085a00000|100%| O|Cm|TAMS 0x0000000085900000| PB 0x0000000085900000| Complete 
|  90|0x0000000085a00000, 0x0000000085b00000, 0x0000000085b00000|100%| O|Cm|TAMS 0x0000000085a00000| PB 0x0000000085a00000| Complete 
|  91|0x0000000085b00000, 0x0000000085c00000, 0x0000000085c00000|100%| O|  |TAMS 0x0000000085b00000| PB 0x0000000085b00000| Untracked 
|  92|0x0000000085c00000, 0x0000000085d00000, 0x0000000085d00000|100%| O|Cm|TAMS 0x0000000085c00000| PB 0x0000000085c00000| Complete 
|  93|0x0000000085d00000, 0x0000000085e00000, 0x0000000085e00000|100%| O|  |TAMS 0x0000000085d00000| PB 0x0000000085d00000| Untracked 
|  94|0x0000000085e00000, 0x0000000085f00000, 0x0000000085f00000|100%| O|  |TAMS 0x0000000085e00000| PB 0x0000000085e00000| Untracked 
|  95|0x0000000085f00000, 0x0000000086000000, 0x0000000086000000|100%| O|  |TAMS 0x0000000085f00000| PB 0x0000000085f00000| Untracked 
|  96|0x0000000086000000, 0x0000000086100000, 0x0000000086100000|100%| O|  |TAMS 0x0000000086000000| PB 0x0000000086000000| Untracked 
|  97|0x0000000086100000, 0x0000000086200000, 0x0000000086200000|100%| O|  |TAMS 0x0000000086100000| PB 0x0000000086100000| Untracked 
|  98|0x0000000086200000, 0x0000000086300000, 0x0000000086300000|100%| O|  |TAMS 0x0000000086200000| PB 0x0000000086200000| Untracked 
|  99|0x0000000086300000, 0x0000000086300000, 0x0000000086400000|  0%| F|  |TAMS 0x0000000086300000| PB 0x0000000086300000| Untracked 
| 100|0x0000000086400000, 0x0000000086500000, 0x0000000086500000|100%| O|  |TAMS 0x0000000086400000| PB 0x0000000086400000| Untracked 
| 101|0x0000000086500000, 0x0000000086500000, 0x0000000086600000|  0%| F|  |TAMS 0x0000000086500000| PB 0x0000000086500000| Untracked 
| 102|0x0000000086600000, 0x0000000086600000, 0x0000000086700000|  0%| F|  |TAMS 0x0000000086600000| PB 0x0000000086600000| Untracked 
| 103|0x0000000086700000, 0x0000000086700000, 0x0000000086800000|  0%| F|  |TAMS 0x0000000086700000| PB 0x0000000086700000| Untracked 
| 104|0x0000000086800000, 0x0000000086800000, 0x0000000086900000|  0%| F|  |TAMS 0x0000000086800000| PB 0x0000000086800000| Untracked 
| 105|0x0000000086900000, 0x0000000086a00000, 0x0000000086a00000|100%| O|  |TAMS 0x0000000086900000| PB 0x0000000086900000| Untracked 
| 106|0x0000000086a00000, 0x0000000086a2a780, 0x0000000086b00000| 16%| O|  |TAMS 0x0000000086a00000| PB 0x0000000086a00000| Untracked 
| 107|0x0000000086b00000, 0x0000000086b00000, 0x0000000086c00000|  0%| F|  |TAMS 0x0000000086b00000| PB 0x0000000086b00000| Untracked 
| 108|0x0000000086c00000, 0x0000000086c00000, 0x0000000086d00000|  0%| F|  |TAMS 0x0000000086c00000| PB 0x0000000086c00000| Untracked 
| 109|0x0000000086d00000, 0x0000000086d00000, 0x0000000086e00000|  0%| F|  |TAMS 0x0000000086d00000| PB 0x0000000086d00000| Untracked 
| 110|0x0000000086e00000, 0x0000000086e00000, 0x0000000086f00000|  0%| F|  |TAMS 0x0000000086e00000| PB 0x0000000086e00000| Untracked 
| 111|0x0000000086f00000, 0x0000000086f00000, 0x0000000087000000|  0%| F|  |TAMS 0x0000000086f00000| PB 0x0000000086f00000| Untracked 
| 112|0x0000000087000000, 0x0000000087000000, 0x0000000087100000|  0%| F|  |TAMS 0x0000000087000000| PB 0x0000000087000000| Untracked 
| 113|0x0000000087100000, 0x0000000087100000, 0x0000000087200000|  0%| F|  |TAMS 0x0000000087100000| PB 0x0000000087100000| Untracked 
| 114|0x0000000087200000, 0x0000000087200000, 0x0000000087300000|  0%| F|  |TAMS 0x0000000087200000| PB 0x0000000087200000| Untracked 
| 115|0x0000000087300000, 0x0000000087300000, 0x0000000087400000|  0%| F|  |TAMS 0x0000000087300000| PB 0x0000000087300000| Untracked 
| 116|0x0000000087400000, 0x0000000087400000, 0x0000000087500000|  0%| F|  |TAMS 0x0000000087400000| PB 0x0000000087400000| Untracked 
| 117|0x0000000087500000, 0x0000000087500000, 0x0000000087600000|  0%| F|  |TAMS 0x0000000087500000| PB 0x0000000087500000| Untracked 
| 118|0x0000000087600000, 0x0000000087600000, 0x0000000087700000|  0%| F|  |TAMS 0x0000000087600000| PB 0x0000000087600000| Untracked 
| 119|0x0000000087700000, 0x00000000877c3b60, 0x0000000087800000| 76%| E|  |TAMS 0x0000000087700000| PB 0x0000000087700000| Complete 
| 120|0x0000000087800000, 0x0000000087900000, 0x0000000087900000|100%| E|CS|TAMS 0x0000000087800000| PB 0x0000000087800000| Complete 
| 121|0x0000000087900000, 0x0000000087a00000, 0x0000000087a00000|100%| E|CS|TAMS 0x0000000087900000| PB 0x0000000087900000| Complete 
| 122|0x0000000087a00000, 0x0000000087b00000, 0x0000000087b00000|100%| E|CS|TAMS 0x0000000087a00000| PB 0x0000000087a00000| Complete 
| 123|0x0000000087b00000, 0x0000000087c00000, 0x0000000087c00000|100%| E|CS|TAMS 0x0000000087b00000| PB 0x0000000087b00000| Complete 
| 124|0x0000000087c00000, 0x0000000087cb6930, 0x0000000087d00000| 71%| S|CS|TAMS 0x0000000087c00000| PB 0x0000000087c00000| Complete 
| 125|0x0000000087d00000, 0x0000000087e00000, 0x0000000087e00000|100%| S|CS|TAMS 0x0000000087d00000| PB 0x0000000087d00000| Complete 
| 126|0x0000000087e00000, 0x0000000087f00000, 0x0000000087f00000|100%| S|CS|TAMS 0x0000000087e00000| PB 0x0000000087e00000| Complete 
| 127|0x0000000087f00000, 0x0000000088000000, 0x0000000088000000|100%| S|CS|TAMS 0x0000000087f00000| PB 0x0000000087f00000| Complete 
| 128|0x0000000088000000, 0x0000000088100000, 0x0000000088100000|100%| S|CS|TAMS 0x0000000088000000| PB 0x0000000088000000| Complete 
| 129|0x0000000088100000, 0x0000000088200000, 0x0000000088200000|100%| S|CS|TAMS 0x0000000088100000| PB 0x0000000088100000| Complete 
| 130|0x0000000088200000, 0x0000000088300000, 0x0000000088300000|100%| E|CS|TAMS 0x0000000088200000| PB 0x0000000088200000| Complete 
| 131|0x0000000088300000, 0x0000000088400000, 0x0000000088400000|100%| E|  |TAMS 0x0000000088300000| PB 0x0000000088300000| Complete 
| 132|0x0000000088400000, 0x0000000088500000, 0x0000000088500000|100%| E|CS|TAMS 0x0000000088400000| PB 0x0000000088400000| Complete 
| 133|0x0000000088500000, 0x0000000088600000, 0x0000000088600000|100%| E|CS|TAMS 0x0000000088500000| PB 0x0000000088500000| Complete 
| 134|0x0000000088600000, 0x0000000088700000, 0x0000000088700000|100%| E|CS|TAMS 0x0000000088600000| PB 0x0000000088600000| Complete 
| 135|0x0000000088700000, 0x0000000088800000, 0x0000000088800000|100%| E|CS|TAMS 0x0000000088700000| PB 0x0000000088700000| Complete 
| 136|0x0000000088800000, 0x0000000088900000, 0x0000000088900000|100%| E|CS|TAMS 0x0000000088800000| PB 0x0000000088800000| Complete 
| 137|0x0000000088900000, 0x0000000088a00000, 0x0000000088a00000|100%| E|CS|TAMS 0x0000000088900000| PB 0x0000000088900000| Complete 
| 138|0x0000000088a00000, 0x0000000088b00000, 0x0000000088b00000|100%| E|CS|TAMS 0x0000000088a00000| PB 0x0000000088a00000| Complete 
| 139|0x0000000088b00000, 0x0000000088c00000, 0x0000000088c00000|100%| E|CS|TAMS 0x0000000088b00000| PB 0x0000000088b00000| Complete 
| 140|0x0000000088c00000, 0x0000000088d00000, 0x0000000088d00000|100%| E|CS|TAMS 0x0000000088c00000| PB 0x0000000088c00000| Complete 
| 141|0x0000000088d00000, 0x0000000088e00000, 0x0000000088e00000|100%| E|CS|TAMS 0x0000000088d00000| PB 0x0000000088d00000| Complete 
| 142|0x0000000088e00000, 0x0000000088f00000, 0x0000000088f00000|100%| E|CS|TAMS 0x0000000088e00000| PB 0x0000000088e00000| Complete 
| 143|0x0000000088f00000, 0x0000000089000000, 0x0000000089000000|100%| E|CS|TAMS 0x0000000088f00000| PB 0x0000000088f00000| Complete 
| 144|0x0000000089000000, 0x0000000089100000, 0x0000000089100000|100%| E|CS|TAMS 0x0000000089000000| PB 0x0000000089000000| Complete 
| 145|0x0000000089100000, 0x0000000089200000, 0x0000000089200000|100%| E|CS|TAMS 0x0000000089100000| PB 0x0000000089100000| Complete 
| 146|0x0000000089200000, 0x0000000089300000, 0x0000000089300000|100%| E|CS|TAMS 0x0000000089200000| PB 0x0000000089200000| Complete 
| 147|0x0000000089300000, 0x0000000089400000, 0x0000000089400000|100%| E|CS|TAMS 0x0000000089300000| PB 0x0000000089300000| Complete 
| 148|0x0000000089400000, 0x0000000089500000, 0x0000000089500000|100%| E|CS|TAMS 0x0000000089400000| PB 0x0000000089400000| Complete 
| 149|0x0000000089500000, 0x0000000089600000, 0x0000000089600000|100%| E|CS|TAMS 0x0000000089500000| PB 0x0000000089500000| Complete 
| 150|0x0000000089600000, 0x0000000089700000, 0x0000000089700000|100%| E|CS|TAMS 0x0000000089600000| PB 0x0000000089600000| Complete 
| 151|0x0000000089700000, 0x0000000089800000, 0x0000000089800000|100%| E|CS|TAMS 0x0000000089700000| PB 0x0000000089700000| Complete 
| 152|0x0000000089800000, 0x0000000089900000, 0x0000000089900000|100%| E|CS|TAMS 0x0000000089800000| PB 0x0000000089800000| Complete 
| 153|0x0000000089900000, 0x0000000089a00000, 0x0000000089a00000|100%| E|CS|TAMS 0x0000000089900000| PB 0x0000000089900000| Complete 
| 154|0x0000000089a00000, 0x0000000089b00000, 0x0000000089b00000|100%| E|CS|TAMS 0x0000000089a00000| PB 0x0000000089a00000| Complete 
| 155|0x0000000089b00000, 0x0000000089c00000, 0x0000000089c00000|100%| E|CS|TAMS 0x0000000089b00000| PB 0x0000000089b00000| Complete 
| 156|0x0000000089c00000, 0x0000000089d00000, 0x0000000089d00000|100%| E|CS|TAMS 0x0000000089c00000| PB 0x0000000089c00000| Complete 
| 157|0x0000000089d00000, 0x0000000089e00000, 0x0000000089e00000|100%| E|CS|TAMS 0x0000000089d00000| PB 0x0000000089d00000| Complete 
| 158|0x0000000089e00000, 0x0000000089f00000, 0x0000000089f00000|100%| E|CS|TAMS 0x0000000089e00000| PB 0x0000000089e00000| Complete 
| 159|0x0000000089f00000, 0x000000008a000000, 0x000000008a000000|100%| E|CS|TAMS 0x0000000089f00000| PB 0x0000000089f00000| Complete 
| 160|0x000000008a000000, 0x000000008a100000, 0x000000008a100000|100%| E|CS|TAMS 0x000000008a000000| PB 0x000000008a000000| Complete 
| 161|0x000000008a100000, 0x000000008a200000, 0x000000008a200000|100%| E|CS|TAMS 0x000000008a100000| PB 0x000000008a100000| Complete 
| 162|0x000000008a200000, 0x000000008a300000, 0x000000008a300000|100%| E|CS|TAMS 0x000000008a200000| PB 0x000000008a200000| Complete 
| 163|0x000000008a300000, 0x000000008a400000, 0x000000008a400000|100%| E|CS|TAMS 0x000000008a300000| PB 0x000000008a300000| Complete 
| 164|0x000000008a400000, 0x000000008a500000, 0x000000008a500000|100%| E|CS|TAMS 0x000000008a400000| PB 0x000000008a400000| Complete 
| 165|0x000000008a500000, 0x000000008a600000, 0x000000008a600000|100%| E|CS|TAMS 0x000000008a500000| PB 0x000000008a500000| Complete 
| 166|0x000000008a600000, 0x000000008a700000, 0x000000008a700000|100%| E|CS|TAMS 0x000000008a600000| PB 0x000000008a600000| Complete 
| 167|0x000000008a700000, 0x000000008a800000, 0x000000008a800000|100%| E|CS|TAMS 0x000000008a700000| PB 0x000000008a700000| Complete 
| 168|0x000000008a800000, 0x000000008a900000, 0x000000008a900000|100%| E|CS|TAMS 0x000000008a800000| PB 0x000000008a800000| Complete 
| 169|0x000000008a900000, 0x000000008aa00000, 0x000000008aa00000|100%| E|CS|TAMS 0x000000008a900000| PB 0x000000008a900000| Complete 
| 170|0x000000008aa00000, 0x000000008ab00000, 0x000000008ab00000|100%| E|CS|TAMS 0x000000008aa00000| PB 0x000000008aa00000| Complete 
| 171|0x000000008ab00000, 0x000000008ac00000, 0x000000008ac00000|100%| E|CS|TAMS 0x000000008ab00000| PB 0x000000008ab00000| Complete 
| 172|0x000000008ac00000, 0x000000008ad00000, 0x000000008ad00000|100%| E|CS|TAMS 0x000000008ac00000| PB 0x000000008ac00000| Complete 
| 173|0x000000008ad00000, 0x000000008ae00000, 0x000000008ae00000|100%| E|CS|TAMS 0x000000008ad00000| PB 0x000000008ad00000| Complete 
| 174|0x000000008ae00000, 0x000000008af00000, 0x000000008af00000|100%| E|CS|TAMS 0x000000008ae00000| PB 0x000000008ae00000| Complete 
| 214|0x000000008d600000, 0x000000008d700000, 0x000000008d700000|100%| E|CS|TAMS 0x000000008d600000| PB 0x000000008d600000| Complete 
| 215|0x000000008d700000, 0x000000008d800000, 0x000000008d800000|100%| E|CS|TAMS 0x000000008d700000| PB 0x000000008d700000| Complete 
| 216|0x000000008d800000, 0x000000008d900000, 0x000000008d900000|100%| E|CS|TAMS 0x000000008d800000| PB 0x000000008d800000| Complete 
| 217|0x000000008d900000, 0x000000008da00000, 0x000000008da00000|100%| E|CS|TAMS 0x000000008d900000| PB 0x000000008d900000| Complete 
| 218|0x000000008da00000, 0x000000008db00000, 0x000000008db00000|100%| E|CS|TAMS 0x000000008da00000| PB 0x000000008da00000| Complete 
| 219|0x000000008db00000, 0x000000008dc00000, 0x000000008dc00000|100%| E|CS|TAMS 0x000000008db00000| PB 0x000000008db00000| Complete 
| 220|0x000000008dc00000, 0x000000008dd00000, 0x000000008dd00000|100%| E|CS|TAMS 0x000000008dc00000| PB 0x000000008dc00000| Complete 
| 221|0x000000008dd00000, 0x000000008de00000, 0x000000008de00000|100%| E|CS|TAMS 0x000000008dd00000| PB 0x000000008dd00000| Complete 
| 243|0x000000008f300000, 0x000000008f400000, 0x000000008f400000|100%| E|CS|TAMS 0x000000008f300000| PB 0x000000008f300000| Complete 
|2047|0x00000000fff00000, 0x0000000100000000, 0x0000000100000000|100%| O|  |TAMS 0x00000000fff00000| PB 0x00000000fff00000| Untracked 

Card table byte_map: [0x00000177f6c50000,0x00000177f7050000] _byte_map_base: 0x00000177f6850000

Marking Bits: (CMBitMap*) 0x00000177f31f3a50
 Bits: [0x00000177f7050000, 0x00000177f9050000)

Polling page: 0x00000177f0fb0000

Metaspace:

Usage:
  Non-class:     95.06 MB used.
      Class:     15.23 MB used.
       Both:    110.29 MB used.

Virtual space:
  Non-class space:      128.00 MB reserved,      96.12 MB ( 75%) committed,  2 nodes.
      Class space:        1.00 GB reserved,      16.25 MB (  2%) committed,  1 nodes.
             Both:        1.12 GB reserved,     112.38 MB ( 10%) committed. 

Chunk freelists:
   Non-Class:  15.27 MB
       Class:  15.70 MB
        Both:  30.96 MB

MaxMetaspaceSize: unlimited
CompressedClassSpaceSize: 1.00 GB
Initial GC threshold: 21.00 MB
Current GC threshold: 182.44 MB
CDS: off
 - commit_granule_bytes: 65536.
 - commit_granule_words: 8192.
 - virtual_space_node_default_size: 8388608.
 - enlarge_chunks_in_place: 1.
 - use_allocation_guard: 0.


Internal statistics:

num_allocs_failed_limit: 6.
num_arena_births: 4286.
num_arena_deaths: 0.
num_vsnodes_births: 3.
num_vsnodes_deaths: 0.
num_space_committed: 1797.
num_space_uncommitted: 0.
num_chunks_returned_to_freelist: 6.
num_chunks_taken_from_freelist: 9095.
num_chunk_merges: 6.
num_chunk_splits: 5966.
num_chunks_enlarged: 3754.
num_inconsistent_stats: 0.

CodeHeap 'non-profiled nmethods': size=120000Kb used=7669Kb max_used=7669Kb free=112330Kb
 bounds [0x0000017787ad0000, 0x0000017788250000, 0x000001778f000000]
CodeHeap 'profiled nmethods': size=120000Kb used=22117Kb max_used=22117Kb free=97883Kb
 bounds [0x0000017780000000, 0x00000177815a0000, 0x0000017787530000]
CodeHeap 'non-nmethods': size=5760Kb used=2888Kb max_used=2950Kb free=2871Kb
 bounds [0x0000017787530000, 0x0000017787820000, 0x0000017787ad0000]
 total_blobs=12786 nmethods=11787 adapters=903
 compilation: enabled
              stopped_count=0, restarted_count=0
 full_count=0

Compilation events (20 events):
Event: 34.067 Thread 0x00000177fbe523a0 14040       3       org.gradle.execution.plan.ValuedVfsHierarchy$2::createChild (26 bytes)
Event: 34.067 Thread 0x00000177fbe523a0 nmethod 14040 0x0000017781594110 code [0x0000017781594320, 0x0000017781594b08]
Event: 34.068 Thread 0x00000177fbe523a0 14041       3       org.gradle.internal.collect.PersistentList::of (8 bytes)
Event: 34.068 Thread 0x00000177fbe523a0 nmethod 14041 0x0000017781594e10 code [0x0000017781594fe0, 0x0000017781595428]
Event: 34.068 Thread 0x00000177fbe523a0 14042       3       org.gradle.internal.classloader.CachingClassLoader::equals (33 bytes)
Event: 34.069 Thread 0x00000177fbe523a0 nmethod 14042 0x0000017781595610 code [0x00000177815957e0, 0x0000017781595c30]
Event: 34.069 Thread 0x00000177fbe523a0 14043       3       org.gradle.internal.execution.steps.PreviousExecutionContext::getPreviousExecutionState (8 bytes)
Event: 34.069 Thread 0x00000177fbe523a0 nmethod 14043 0x0000017781595d10 code [0x0000017781595ee0, 0x0000017781596208]
Event: 34.070 Thread 0x00000177fbe523a0 14044       3       org.gradle.api.internal.tasks.properties.FileParameterUtils::resolveInputFileValue (26 bytes)
Event: 34.071 Thread 0x00000177fbe523a0 nmethod 14044 0x0000017781596310 code [0x00000177815964e0, 0x00000177815967c8]
Event: 34.071 Thread 0x00000177fbe523a0 14045       3       org.gradle.api.internal.file.DefaultFileCollectionFactory::resolvingLeniently (9 bytes)
Event: 34.071 Thread 0x00000177fbe523a0 nmethod 14045 0x0000017781596910 code [0x0000017781596b20, 0x0000017781597138]
Event: 34.072 Thread 0x00000177fbe523a0 14046       1       org.gradle.api.internal.tasks.properties.DefaultTaskProperties::getInputFileProperties (5 bytes)
Event: 34.072 Thread 0x00000177fbe523a0 nmethod 14046 0x000001778824d190 code [0x000001778824d320, 0x000001778824d3e8]
Event: 34.081 Thread 0x00000177fbe523a0 14047       3       org.gradle.api.internal.provider.ValueState$NonFinalizedValue::finalState (10 bytes)
Event: 34.081 Thread 0x00000177fbe523a0 nmethod 14047 0x0000017781597310 code [0x00000177815974c0, 0x0000017781597688]
Event: 34.081 Thread 0x00000177fbe523a0 14048       3       org.gradle.api.internal.provider.ValueState::access$100 (4 bytes)
Event: 34.081 Thread 0x00000177fbe523a0 nmethod 14048 0x00000177806f6990 code [0x00000177806f6b20, 0x00000177806f6c18]
Event: 34.090 Thread 0x00000177fbe523a0 14049       3       com.google.common.cache.LocalCache::getIfPresent (49 bytes)
Event: 34.090 Thread 0x00000177fbe523a0 nmethod 14049 0x0000017781597790 code [0x00000177815979c0, 0x00000177815980f0]

GC Heap History (20 events):
Event: 25.639 GC heap before
{Heap before GC invocations=40 (full 0):
 garbage-first heap   total 153600K, used 134595K [0x0000000080000000, 0x0000000100000000)
  region size 1024K, 55 young (56320K), 3 survivors (3072K)
 Metaspace       used 95619K, committed 97664K, reserved 1179648K
  class space    used 13233K, committed 14208K, reserved 1048576K
}
Event: 25.643 GC heap after
{Heap after GC invocations=41 (full 0):
 garbage-first heap   total 153600K, used 82591K [0x0000000080000000, 0x0000000100000000)
  region size 1024K, 4 young (4096K), 4 survivors (4096K)
 Metaspace       used 95619K, committed 97664K, reserved 1179648K
  class space    used 13233K, committed 14208K, reserved 1048576K
}
Event: 26.870 GC heap before
{Heap before GC invocations=41 (full 0):
 garbage-first heap   total 153600K, used 137887K [0x0000000080000000, 0x0000000100000000)
  region size 1024K, 58 young (59392K), 4 survivors (4096K)
 Metaspace       used 99894K, committed 101952K, reserved 1179648K
  class space    used 13854K, committed 14848K, reserved 1048576K
}
Event: 26.876 GC heap after
{Heap after GC invocations=42 (full 0):
 garbage-first heap   total 153600K, used 85750K [0x0000000080000000, 0x0000000100000000)
  region size 1024K, 7 young (7168K), 7 survivors (7168K)
 Metaspace       used 99894K, committed 101952K, reserved 1179648K
  class space    used 13854K, committed 14848K, reserved 1048576K
}
Event: 28.153 GC heap before
{Heap before GC invocations=42 (full 0):
 garbage-first heap   total 153600K, used 136950K [0x0000000080000000, 0x0000000100000000)
  region size 1024K, 57 young (58368K), 7 survivors (7168K)
 Metaspace       used 104778K, committed 106944K, reserved 1179648K
  class space    used 14551K, committed 15616K, reserved 1048576K
}
Event: 28.162 GC heap after
{Heap after GC invocations=43 (full 0):
 garbage-first heap   total 153600K, used 88328K [0x0000000080000000, 0x0000000100000000)
  region size 1024K, 6 young (6144K), 6 survivors (6144K)
 Metaspace       used 104778K, committed 106944K, reserved 1179648K
  class space    used 14551K, committed 15616K, reserved 1048576K
}
Event: 29.274 GC heap before
{Heap before GC invocations=44 (full 0):
 garbage-first heap   total 153600K, used 138504K [0x0000000080000000, 0x0000000100000000)
  region size 1024K, 55 young (56320K), 6 survivors (6144K)
 Metaspace       used 105952K, committed 108096K, reserved 1179648K
  class space    used 14749K, committed 15808K, reserved 1048576K
}
Event: 29.283 GC heap after
{Heap after GC invocations=45 (full 0):
 garbage-first heap   total 153600K, used 94475K [0x0000000080000000, 0x0000000100000000)
  region size 1024K, 7 young (7168K), 7 survivors (7168K)
 Metaspace       used 105952K, committed 108096K, reserved 1179648K
  class space    used 14749K, committed 15808K, reserved 1048576K
}
Event: 30.503 GC heap before
{Heap before GC invocations=45 (full 0):
 garbage-first heap   total 153600K, used 136459K [0x0000000080000000, 0x0000000100000000)
  region size 1024K, 49 young (50176K), 7 survivors (7168K)
 Metaspace       used 108332K, committed 110592K, reserved 1179648K
  class space    used 15134K, committed 16256K, reserved 1048576K
}
Event: 30.513 GC heap after
{Heap after GC invocations=46 (full 0):
 garbage-first heap   total 154624K, used 100212K [0x0000000080000000, 0x0000000100000000)
  region size 1024K, 7 young (7168K), 7 survivors (7168K)
 Metaspace       used 108332K, committed 110592K, reserved 1179648K
  class space    used 15134K, committed 16256K, reserved 1048576K
}
Event: 30.903 GC heap before
{Heap before GC invocations=46 (full 0):
 garbage-first heap   total 154624K, used 136052K [0x0000000080000000, 0x0000000100000000)
  region size 1024K, 43 young (44032K), 7 survivors (7168K)
 Metaspace       used 108479K, committed 110720K, reserved 1179648K
  class space    used 15143K, committed 16256K, reserved 1048576K
}
Event: 30.910 GC heap after
{Heap after GC invocations=47 (full 0):
 garbage-first heap   total 154624K, used 103959K [0x0000000080000000, 0x0000000100000000)
  region size 1024K, 4 young (4096K), 4 survivors (4096K)
 Metaspace       used 108479K, committed 110720K, reserved 1179648K
  class space    used 15143K, committed 16256K, reserved 1048576K
}
Event: 31.329 GC heap before
{Heap before GC invocations=48 (full 0):
 garbage-first heap   total 174080K, used 140823K [0x0000000080000000, 0x0000000100000000)
  region size 1024K, 40 young (40960K), 4 survivors (4096K)
 Metaspace       used 108483K, committed 110720K, reserved 1179648K
  class space    used 15143K, committed 16256K, reserved 1048576K
}
Event: 31.333 GC heap after
{Heap after GC invocations=49 (full 0):
 garbage-first heap   total 174080K, used 105054K [0x0000000080000000, 0x0000000100000000)
  region size 1024K, 4 young (4096K), 4 survivors (4096K)
 Metaspace       used 108483K, committed 110720K, reserved 1179648K
  class space    used 15143K, committed 16256K, reserved 1048576K
}
Event: 32.101 GC heap before
{Heap before GC invocations=49 (full 0):
 garbage-first heap   total 174080K, used 156254K [0x0000000080000000, 0x0000000100000000)
  region size 1024K, 55 young (56320K), 4 survivors (4096K)
 Metaspace       used 108741K, committed 110976K, reserved 1179648K
  class space    used 15178K, committed 16320K, reserved 1048576K
}
Event: 32.107 GC heap after
{Heap after GC invocations=50 (full 0):
 garbage-first heap   total 174080K, used 105266K [0x0000000080000000, 0x0000000100000000)
  region size 1024K, 6 young (6144K), 6 survivors (6144K)
 Metaspace       used 108741K, committed 110976K, reserved 1179648K
  class space    used 15178K, committed 16320K, reserved 1048576K
}
Event: 32.455 GC heap before
{Heap before GC invocations=50 (full 0):
 garbage-first heap   total 174080K, used 133938K [0x0000000080000000, 0x0000000100000000)
  region size 1024K, 36 young (36864K), 6 survivors (6144K)
 Metaspace       used 108915K, committed 111168K, reserved 1179648K
  class space    used 15207K, committed 16384K, reserved 1048576K
}
Event: 32.462 GC heap after
{Heap after GC invocations=51 (full 0):
 garbage-first heap   total 174080K, used 107947K [0x0000000080000000, 0x0000000100000000)
  region size 1024K, 5 young (5120K), 5 survivors (5120K)
 Metaspace       used 108915K, committed 111168K, reserved 1179648K
  class space    used 15207K, committed 16384K, reserved 1048576K
}
Event: 33.786 GC heap before
{Heap before GC invocations=52 (full 0):
 garbage-first heap   total 189440K, used 162219K [0x0000000080000000, 0x0000000100000000)
  region size 1024K, 54 young (55296K), 5 survivors (5120K)
 Metaspace       used 112837K, committed 115008K, reserved 1179648K
  class space    used 15584K, committed 16640K, reserved 1048576K
}
Event: 33.794 GC heap after
{Heap after GC invocations=53 (full 0):
 garbage-first heap   total 189440K, used 110468K [0x0000000080000000, 0x0000000100000000)
  region size 1024K, 6 young (6144K), 6 survivors (6144K)
 Metaspace       used 112837K, committed 115008K, reserved 1179648K
  class space    used 15584K, committed 16640K, reserved 1048576K
}

Dll operation events (3 events):
Event: 0.014 Loaded shared library A:\Android Studio\jbr\bin\java.dll
Event: 0.021 Loaded shared library A:\Android Studio\jbr\bin\zip.dll
Event: 0.814 Loaded shared library A:\Android Studio\jbr\bin\verify.dll

Deoptimization events (20 events):
Event: 33.645 Thread 0x00000177968ba1c0 DEOPT PACKING pc=0x0000017787f5bb88 sp=0x00000065b4bfe7c0
Event: 33.645 Thread 0x00000177968ba1c0 DEOPT UNPACKING pc=0x00000177875846a2 sp=0x00000065b4bfe770 mode 2
Event: 33.729 Thread 0x00000177933dcfe0 Uncommon trap: trap_request=0xffffffc6 fr.pc=0x0000017787e15ac8 relative=0x0000000000000128
Event: 33.730 Thread 0x00000177933dcfe0 Uncommon trap: reason=bimorphic_or_optimized_type_check action=maybe_recompile pc=0x0000017787e15ac8 method=com.google.common.collect.RegularImmutableMap.checkNoConflictInKeyBucket(Ljava/lang/Object;Ljava/lang/Object;Lcom/google/common/collect/ImmutableMa
Event: 33.730 Thread 0x00000177933dcfe0 DEOPT PACKING pc=0x0000017787e15ac8 sp=0x00000065b4dfd340
Event: 33.730 Thread 0x00000177933dcfe0 DEOPT UNPACKING pc=0x00000177875846a2 sp=0x00000065b4dfd2e8 mode 2
Event: 33.768 Thread 0x00000177938e57b0 Uncommon trap: trap_request=0xffffff45 fr.pc=0x00000177881db3a0 relative=0x0000000000000cc0
Event: 33.768 Thread 0x00000177938e57b0 Uncommon trap: reason=unstable_if action=reinterpret pc=0x00000177881db3a0 method=org.gradle.internal.execution.history.impl.FingerprintMapSerializer.readFingerprint(Lorg/gradle/internal/serialize/Decoder;)Lorg/gradle/internal/fingerprint/FileSystemLocati
Event: 33.768 Thread 0x00000177938e57b0 DEOPT PACKING pc=0x00000177881db3a0 sp=0x00000065b58fea70
Event: 33.768 Thread 0x00000177938e57b0 DEOPT UNPACKING pc=0x00000177875846a2 sp=0x00000065b58fea60 mode 2
Event: 33.779 Thread 0x00000177933dcfe0 Uncommon trap: trap_request=0xffffff45 fr.pc=0x00000177881e85c0 relative=0x00000000000005e0
Event: 33.779 Thread 0x00000177933dcfe0 Uncommon trap: reason=unstable_if action=reinterpret pc=0x00000177881e85c0 method=org.gradle.internal.snapshot.VfsRelativePath.lengthOfCommonPrefix(Ljava/lang/String;Lorg/gradle/internal/snapshot/CaseSensitivity;)I @ 165 c2
Event: 33.779 Thread 0x00000177933dcfe0 DEOPT PACKING pc=0x00000177881e85c0 sp=0x00000065b4dfaf20
Event: 33.779 Thread 0x00000177933dcfe0 DEOPT UNPACKING pc=0x00000177875846a2 sp=0x00000065b4dfaec8 mode 2
Event: 33.802 Thread 0x00000177933dcfe0 DEOPT PACKING pc=0x00000177808bfd9b sp=0x00000065b4dfb2d0
Event: 33.802 Thread 0x00000177933dcfe0 DEOPT UNPACKING pc=0x0000017787584e42 sp=0x00000065b4dfa778 mode 0
Event: 34.074 Thread 0x00000177933dcfe0 Uncommon trap: trap_request=0xffffffc6 fr.pc=0x0000017787bcd680 relative=0x0000000000000440
Event: 34.074 Thread 0x00000177933dcfe0 Uncommon trap: reason=bimorphic_or_optimized_type_check action=maybe_recompile pc=0x0000017787bcd680 method=java.util.Spliterators$IteratorSpliterator.tryAdvance(Ljava/util/function/Consumer;)Z @ 50 c2
Event: 34.074 Thread 0x00000177933dcfe0 DEOPT PACKING pc=0x0000017787bcd680 sp=0x00000065b4dfe5d0
Event: 34.075 Thread 0x00000177933dcfe0 DEOPT UNPACKING pc=0x00000177875846a2 sp=0x00000065b4dfe570 mode 2

Classes loaded (20 events):
Event: 33.019 Loading class com/sun/org/apache/xerces/internal/dom/DeferredDOMImplementationImpl
Event: 33.019 Loading class com/sun/org/apache/xerces/internal/dom/DeferredDOMImplementationImpl done
Event: 33.076 Loading class java/util/TreeMap$DescendingSubMap
Event: 33.076 Loading class java/util/TreeMap$NavigableSubMap
Event: 33.077 Loading class java/util/TreeMap$NavigableSubMap done
Event: 33.077 Loading class java/util/TreeMap$DescendingSubMap done
Event: 33.077 Loading class java/util/TreeMap$DescendingSubMap$DescendingEntrySetView
Event: 33.078 Loading class java/util/TreeMap$NavigableSubMap$EntrySetView
Event: 33.078 Loading class java/util/TreeMap$NavigableSubMap$EntrySetView done
Event: 33.078 Loading class java/util/TreeMap$DescendingSubMap$DescendingEntrySetView done
Event: 33.078 Loading class java/util/TreeMap$NavigableSubMap$DescendingSubMapEntryIterator
Event: 33.078 Loading class java/util/TreeMap$NavigableSubMap$SubMapIterator
Event: 33.079 Loading class java/util/TreeMap$NavigableSubMap$SubMapIterator done
Event: 33.079 Loading class java/util/TreeMap$NavigableSubMap$DescendingSubMapEntryIterator done
Event: 33.097 Loading class com/sun/org/apache/xerces/internal/dom/DeepNodeListImpl
Event: 33.098 Loading class com/sun/org/apache/xerces/internal/dom/DeepNodeListImpl done
Event: 33.182 Loading class java/time/Instant$1
Event: 33.182 Loading class java/time/Instant$1 done
Event: 33.571 Loading class java/util/LinkedList$LLSpliterator
Event: 33.571 Loading class java/util/LinkedList$LLSpliterator done

Classes unloaded (0 events):
No events

Classes redefined (0 events):
No events

Internal exceptions (20 events):
Event: 29.962 Thread 0x00000177933db5a0 Exception <a 'java/lang/NoSuchMethodError'{0x0000000087aa65b8}: static [Ljava/lang/String;.<clinit>()V> (0x0000000087aa65b8) 
thrown [s\src\hotspot\share\prims\jni.cpp, line 1144]
Event: 29.964 Thread 0x00000177933db5a0 Exception <a 'java/lang/NoSuchMethodError'{0x0000000087ab5838}: static Lcom/android/buildanalyzer/common/AndroidGradlePluginAttributionData$TaskInfo;.<clinit>()V> (0x0000000087ab5838) 
thrown [s\src\hotspot\share\prims\jni.cpp, line 1144]
Event: 29.966 Thread 0x00000177933db5a0 Exception <a 'java/lang/NoSuchMethodError'{0x0000000087ad4720}: static Lcom/android/buildanalyzer/common/AndroidGradlePluginAttributionData$TaskCategoryInfo;.<clinit>()V> (0x0000000087ad4720) 
thrown [s\src\hotspot\share\prims\jni.cpp, line 1144]
Event: 29.970 Thread 0x00000177933ddd00 Exception <a 'sun/nio/fs/WindowsException'{0x0000000087a9b020}> (0x0000000087a9b020) 
thrown [s\src\hotspot\share\prims\jni.cpp, line 537]
Event: 30.014 Thread 0x00000177fe035210 Exception <a 'java/lang/NoSuchMethodError'{0x00000000878a7150}: static Lorg/gradle/internal/build/event/types/DefaultTaskSkippedResult;.<clinit>()V> (0x00000000878a7150) 
thrown [s\src\hotspot\share\prims\jni.cpp, line 1144]
Event: 30.040 Thread 0x00000177933ddd00 Exception <a 'java/lang/IncompatibleClassChangeError'{0x000000008772be80}: Found class java.lang.Object, but interface was expected> (0x000000008772be80) 
thrown [s\src\hotspot\share\interpreter\linkResolver.cpp, line 851]
Event: 30.070 Thread 0x00000177933ddd00 Exception <a 'java/lang/NoSuchMethodError'{0x0000000087663b38}: 'int java.lang.invoke.DirectMethodHandle$Holder.invokeStaticInit(java.lang.Object, java.lang.Object, java.lang.Object, java.lang.Object, java.lang.Object)'> (0x0000000087663b38) 
thrown [s\src\hotspot\share\interpreter\linkResolver.cpp, line 784]
Event: 30.227 Thread 0x00000177933ddd00 Exception <a 'java/lang/NoSuchMethodError'{0x00000000873fef10}: 'int java.lang.invoke.DirectMethodHandle$Holder.invokeSpecial(java.lang.Object, java.lang.Object, int)'> (0x00000000873fef10) 
thrown [s\src\hotspot\share\interpreter\linkResolver.cpp, line 784]
Event: 31.247 Thread 0x00000177938e64d0 Implicit null exception at 0x0000017787d3673d to 0x0000017787d367ad
Event: 32.605 Thread 0x00000177933dcfe0 Exception <a 'sun/nio/fs/WindowsException'{0x000000008dde43e0}> (0x000000008dde43e0) 
thrown [s\src\hotspot\share\prims\jni.cpp, line 537]
Event: 32.607 Thread 0x00000177933dcfe0 Exception <a 'sun/nio/fs/WindowsException'{0x000000008ddfd478}> (0x000000008ddfd478) 
thrown [s\src\hotspot\share\prims\jni.cpp, line 537]
Event: 32.609 Thread 0x00000177933dcfe0 Exception <a 'sun/nio/fs/WindowsException'{0x000000008ddfe770}> (0x000000008ddfe770) 
thrown [s\src\hotspot\share\prims\jni.cpp, line 537]
Event: 33.224 Thread 0x00000177933dcfe0 Exception <a 'sun/nio/fs/WindowsException'{0x000000008a23dba0}> (0x000000008a23dba0) 
thrown [s\src\hotspot\share\prims\jni.cpp, line 537]
Event: 33.225 Thread 0x00000177933dcfe0 Exception <a 'sun/nio/fs/WindowsException'{0x000000008a23ef98}> (0x000000008a23ef98) 
thrown [s\src\hotspot\share\prims\jni.cpp, line 537]
Event: 33.579 Thread 0x00000177938e1610 Exception <a 'sun/nio/fs/WindowsException'{0x00000000896ca290}> (0x00000000896ca290) 
thrown [s\src\hotspot\share\prims\jni.cpp, line 537]
Event: 33.581 Thread 0x00000177938e1610 Exception <a 'sun/nio/fs/WindowsException'{0x00000000896cb6f0}> (0x00000000896cb6f0) 
thrown [s\src\hotspot\share\prims\jni.cpp, line 537]
Event: 33.632 Thread 0x00000177933dcfe0 Exception <a 'sun/nio/fs/WindowsException'{0x0000000089439b38}> (0x0000000089439b38) 
thrown [s\src\hotspot\share\prims\jni.cpp, line 537]
Event: 33.656 Thread 0x00000177933dcfe0 Exception <a 'java/lang/NoSuchMethodError'{0x0000000089348560}: 'int java.lang.invoke.DirectMethodHandle$Holder.invokeSpecial(java.lang.Object, java.lang.Object, java.lang.Object, java.lang.Object, java.lang.Object)'> (0x0000000089348560) 
thrown [s\src\hotspot\share\interpreter\linkResolver.cpp, line 784]
Event: 33.753 Thread 0x00000177933dcfe0 Exception <a 'sun/nio/fs/WindowsException'{0x00000000883612e0}> (0x00000000883612e0) 
thrown [s\src\hotspot\share\prims\jni.cpp, line 537]
Event: 33.754 Thread 0x00000177933dcfe0 Exception <a 'sun/nio/fs/WindowsException'{0x0000000088362e18}> (0x0000000088362e18) 
thrown [s\src\hotspot\share\prims\jni.cpp, line 537]

ZGC Phase Switch (0 events):
No events

VM Operations (20 events):
Event: 32.537 Executing VM operation: G1PauseRemark
Event: 32.560 Executing VM operation: G1PauseRemark done
Event: 32.599 Executing VM operation: G1PauseCleanup
Event: 32.599 Executing VM operation: G1PauseCleanup done
Event: 33.065 Executing VM operation: HandshakeAllThreads (Deoptimize)
Event: 33.066 Executing VM operation: HandshakeAllThreads (Deoptimize) done
Event: 33.187 Executing VM operation: HandshakeAllThreads (Deoptimize)
Event: 33.188 Executing VM operation: HandshakeAllThreads (Deoptimize) done
Event: 33.192 Executing VM operation: ICBufferFull
Event: 33.192 Executing VM operation: ICBufferFull done
Event: 33.205 Executing VM operation: HandshakeAllThreads (Deoptimize)
Event: 33.205 Executing VM operation: HandshakeAllThreads (Deoptimize) done
Event: 33.208 Executing VM operation: HandshakeAllThreads (Deoptimize)
Event: 33.208 Executing VM operation: HandshakeAllThreads (Deoptimize) done
Event: 33.652 Executing VM operation: HandshakeAllThreads (Deoptimize)
Event: 33.653 Executing VM operation: HandshakeAllThreads (Deoptimize) done
Event: 33.762 Executing VM operation: ICBufferFull
Event: 33.763 Executing VM operation: ICBufferFull done
Event: 33.786 Executing VM operation: G1CollectForAllocation (G1 Evacuation Pause)
Event: 33.794 Executing VM operation: G1CollectForAllocation (G1 Evacuation Pause) done

Memory protections (0 events):
No events

Nmethod flushes (20 events):
Event: 32.558 Thread 0x00000177fbdad320 flushing  nmethod 0x0000017780dc5f10
Event: 32.558 Thread 0x00000177fbdad320 flushing  nmethod 0x000001778101be90
Event: 32.558 Thread 0x00000177fbdad320 flushing  nmethod 0x0000017781053490
Event: 32.558 Thread 0x00000177fbdad320 flushing  nmethod 0x0000017781059890
Event: 32.558 Thread 0x00000177fbdad320 flushing  nmethod 0x00000177810e5d90
Event: 32.558 Thread 0x00000177fbdad320 flushing  nmethod 0x000001778063d610
Event: 32.558 Thread 0x00000177fbdad320 flushing  nmethod 0x000001778063e090
Event: 32.558 Thread 0x00000177fbdad320 flushing  nmethod 0x0000017780647d10
Event: 32.558 Thread 0x00000177fbdad320 flushing  nmethod 0x0000017780648110
Event: 32.558 Thread 0x00000177fbdad320 flushing  nmethod 0x000001778072ac90
Event: 32.558 Thread 0x00000177fbdad320 flushing  nmethod 0x000001778078e190
Event: 32.558 Thread 0x00000177fbdad320 flushing  nmethod 0x00000177808ca010
Event: 32.558 Thread 0x00000177fbdad320 flushing  nmethod 0x00000177808cf490
Event: 32.558 Thread 0x00000177fbdad320 flushing  nmethod 0x0000017780a0f490
Event: 32.558 Thread 0x00000177fbdad320 flushing  nmethod 0x0000017780a0f910
Event: 32.558 Thread 0x00000177fbdad320 flushing  nmethod 0x0000017780a0ff90
Event: 32.558 Thread 0x00000177fbdad320 flushing  nmethod 0x0000017780a10310
Event: 32.558 Thread 0x00000177fbdad320 flushing  nmethod 0x0000017780a10a90
Event: 32.558 Thread 0x00000177fbdad320 flushing  nmethod 0x0000017780a72e10
Event: 32.558 Thread 0x00000177fbdad320 flushing  nmethod 0x0000017780a75790

Events (20 events):
Event: 33.678 Thread 0x00000177933dcfe0 Thread added: 0x00000177968baee0
Event: 33.679 Thread 0x00000177933dcfe0 Thread added: 0x00000177968b7a60
Event: 33.680 Thread 0x00000177933dcfe0 Thread added: 0x00000177968ba850
Event: 33.680 Thread 0x00000177933dcfe0 Thread added: 0x00000177968b80f0
Event: 33.681 Thread 0x00000177933dcfe0 Thread added: 0x00000177968bb570
Event: 33.682 Thread 0x00000177933dcfe0 Thread added: 0x00000177968bbc00
Event: 33.682 Thread 0x00000177933dcfe0 Thread added: 0x00000177968bc920
Event: 33.684 Thread 0x00000177933dcfe0 Thread added: 0x00000177968bc290
Event: 33.685 Thread 0x00000177933dcfe0 Thread added: 0x00000177968b94a0
Event: 33.686 Thread 0x00000177933dcfe0 Thread added: 0x00000177968be9f0
Event: 33.688 Thread 0x00000177933dcfe0 Thread added: 0x00000177968bdcd0
Event: 33.801 Thread 0x00000177933dcfe0 Thread added: 0x00000177968b8780
Event: 33.802 Thread 0x00000177933dcfe0 Thread added: 0x00000177968bcfb0
Event: 33.803 Thread 0x00000177933dcfe0 Thread added: 0x00000177968b9b30
Event: 33.805 Thread 0x00000177933dcfe0 Thread added: 0x00000177968bf080
Event: 33.806 Thread 0x00000177933dcfe0 Thread added: 0x00000177968be360
Event: 33.807 Thread 0x00000177933dcfe0 Thread added: 0x00000177968bf710
Event: 33.808 Thread 0x00000177933dcfe0 Thread added: 0x00000177968bfda0
Event: 33.809 Thread 0x00000177933dcfe0 Thread added: 0x00000177968c0430
Event: 33.812 Thread 0x00000177fbe523a0 Thread added: 0x000001779627d480


Dynamic libraries:
0x00007ff63ac10000 - 0x00007ff63ac1a000 	A:\Android Studio\jbr\bin\java.exe
0x00007fff214e0000 - 0x00007fff21747000 	C:\WINDOWS\SYSTEM32\ntdll.dll
0x00007fff20610000 - 0x00007fff206d9000 	C:\WINDOWS\System32\KERNEL32.DLL
0x00007fff1e050000 - 0x00007fff1e444000 	C:\WINDOWS\System32\KERNELBASE.dll
0x00007fff1e690000 - 0x00007fff1e7db000 	C:\WINDOWS\System32\ucrtbase.dll
0x00007fff021c0000 - 0x00007fff021d8000 	A:\Android Studio\jbr\bin\jli.dll
0x00007fff007f0000 - 0x00007fff0080b000 	A:\Android Studio\jbr\bin\VCRUNTIME140.dll
0x00007fff20720000 - 0x00007fff208e5000 	C:\WINDOWS\System32\USER32.dll
0x00007fff0a5d0000 - 0x00007fff0a863000 	C:\WINDOWS\WinSxS\amd64_microsoft.windows.common-controls_6595b64144ccf1df_6.0.26100.8115_none_3e075c82e3354f9c\COMCTL32.dll
0x00007fff1de40000 - 0x00007fff1de67000 	C:\WINDOWS\System32\win32u.dll
0x00007fff202c0000 - 0x00007fff20369000 	C:\WINDOWS\System32\msvcrt.dll
0x00007fff21250000 - 0x00007fff2127b000 	C:\WINDOWS\System32\GDI32.dll
0x00007fff1de70000 - 0x00007fff1df9b000 	C:\WINDOWS\System32\gdi32full.dll
0x00007fff1e7e0000 - 0x00007fff1e883000 	C:\WINDOWS\System32\msvcp_win.dll
0x00007fff206e0000 - 0x00007fff20712000 	C:\WINDOWS\System32\IMM32.DLL
0x00007fff026e0000 - 0x00007fff026ec000 	A:\Android Studio\jbr\bin\vcruntime140_1.dll
0x00007ffefee20000 - 0x00007ffefeead000 	A:\Android Studio\jbr\bin\msvcp140.dll
0x00007ffea8eb0000 - 0x00007ffea9b3e000 	A:\Android Studio\jbr\bin\server\jvm.dll
0x00007fff20370000 - 0x00007fff20426000 	C:\WINDOWS\System32\ADVAPI32.dll
0x00007fff1fa00000 - 0x00007fff1faa7000 	C:\WINDOWS\System32\sechost.dll
0x00007fff1f8e0000 - 0x00007fff1f9f8000 	C:\WINDOWS\System32\RPCRT4.dll
0x00007fff211b0000 - 0x00007fff21230000 	C:\WINDOWS\System32\WS2_32.dll
0x00007fff15980000 - 0x00007fff159b6000 	C:\WINDOWS\SYSTEM32\WINMM.dll
0x00007fff15df0000 - 0x00007fff15dfb000 	C:\WINDOWS\SYSTEM32\VERSION.dll
0x00007fff1dc10000 - 0x00007fff1dc6e000 	C:\WINDOWS\SYSTEM32\POWRPROF.dll
0x00007fff1dbf0000 - 0x00007fff1dc04000 	C:\WINDOWS\SYSTEM32\UMPDC.dll
0x00007fff1cb00000 - 0x00007fff1cb1b000 	C:\WINDOWS\SYSTEM32\kernel.appcore.dll
0x00007fff00020000 - 0x00007fff0002a000 	A:\Android Studio\jbr\bin\jimage.dll
0x00007fff1bd90000 - 0x00007fff1bfd2000 	C:\WINDOWS\SYSTEM32\DBGHELP.DLL
0x00007fff1fc30000 - 0x00007fff1ffb2000 	C:\WINDOWS\System32\combase.dll
0x00007fff20160000 - 0x00007fff20238000 	C:\WINDOWS\System32\OLEAUT32.dll
0x00007ffeffbe0000 - 0x00007ffeffc1b000 	C:\WINDOWS\SYSTEM32\dbgcore.DLL
0x00007fff1dfa0000 - 0x00007fff1e045000 	C:\WINDOWS\System32\bcryptPrimitives.dll
0x00007fff18ff0000 - 0x00007fff18ffe000 	A:\Android Studio\jbr\bin\instrument.dll
0x00007ffefdb60000 - 0x00007ffefdb80000 	A:\Android Studio\jbr\bin\java.dll
0x00007ffefdb40000 - 0x00007ffefdb58000 	A:\Android Studio\jbr\bin\zip.dll
0x00007fff20980000 - 0x00007fff210e7000 	C:\WINDOWS\System32\SHELL32.dll
0x00007fff1e890000 - 0x00007fff1e9fa000 	C:\WINDOWS\System32\wintypes.dll
0x00007fff1ea00000 - 0x00007fff1f268000 	C:\WINDOWS\System32\windows.storage.dll
0x00007fff1fab0000 - 0x00007fff1fba8000 	C:\WINDOWS\System32\SHCORE.dll
0x00007fff20910000 - 0x00007fff20976000 	C:\WINDOWS\System32\shlwapi.dll
0x00007fff1dcd0000 - 0x00007fff1dcf9000 	C:\WINDOWS\SYSTEM32\profapi.dll
0x00007ffefe830000 - 0x00007ffefe840000 	A:\Android Studio\jbr\bin\net.dll
0x00007fff16730000 - 0x00007fff1685d000 	C:\WINDOWS\SYSTEM32\WINHTTP.dll
0x00007fff1d050000 - 0x00007fff1d0bc000 	C:\WINDOWS\system32\mswsock.dll
0x00007ffefdb20000 - 0x00007ffefdb36000 	A:\Android Studio\jbr\bin\nio.dll
0x00007ffefb8a0000 - 0x00007ffefb8b0000 	A:\Android Studio\jbr\bin\verify.dll
0x00007fff00880000 - 0x00007fff008a7000 	C:\Users\lucas\.gradle\native\1def1411415f61bf3af743bc5b6707747c0891f09f0c88961ee8f79bc544acac\windows-amd64\native-platform.dll
0x00007ffe9bf00000 - 0x00007ffe9bf78000 	C:\Users\lucas\.gradle\native\0.2.7\x86_64-windows-gnu\gradle-fileevents.dll
0x00007ffefdab0000 - 0x00007ffefdab9000 	A:\Android Studio\jbr\bin\management.dll
0x00007ffefd860000 - 0x00007ffefd86b000 	A:\Android Studio\jbr\bin\management_ext.dll
0x00007fff21390000 - 0x00007fff21398000 	C:\WINDOWS\System32\PSAPI.DLL
0x00007fff1c4e0000 - 0x00007fff1c512000 	C:\WINDOWS\SYSTEM32\IPHLPAPI.DLL
0x00007fff213a0000 - 0x00007fff213aa000 	C:\WINDOWS\System32\NSI.dll
0x00007ffefdac0000 - 0x00007ffefdac9000 	A:\Android Studio\jbr\bin\extnet.dll
0x00007fff1d450000 - 0x00007fff1d46b000 	C:\WINDOWS\SYSTEM32\CRYPTSP.dll
0x00007fff1ca60000 - 0x00007fff1ca99000 	C:\WINDOWS\system32\rsaenh.dll
0x00007fff1d100000 - 0x00007fff1d133000 	C:\WINDOWS\SYSTEM32\USERENV.dll
0x00007fff1dca0000 - 0x00007fff1dcca000 	C:\WINDOWS\SYSTEM32\bcrypt.dll
0x00007fff1d2b0000 - 0x00007fff1d2bc000 	C:\WINDOWS\SYSTEM32\CRYPTBASE.dll
0x00007fff090b0000 - 0x00007fff090b8000 	C:\WINDOWS\system32\wshunix.dll

dbghelp: loaded successfully - version: 4.0.5 - missing functions: none
symbol engine: initialized successfully - sym options: 0x614 - pdb path: .;A:\Android Studio\jbr\bin;C:\WINDOWS\SYSTEM32;C:\WINDOWS\WinSxS\amd64_microsoft.windows.common-controls_6595b64144ccf1df_6.0.26100.8115_none_3e075c82e3354f9c;A:\Android Studio\jbr\bin\server;C:\Users\lucas\.gradle\native\1def1411415f61bf3af743bc5b6707747c0891f09f0c88961ee8f79bc544acac\windows-amd64;C:\Users\lucas\.gradle\native\0.2.7\x86_64-windows-gnu

VM Arguments:
jvm_args: --add-opens=java.base/java.lang=ALL-UNNAMED --add-opens=java.base/java.lang.invoke=ALL-UNNAMED --add-opens=java.base/java.util=ALL-UNNAMED --add-opens=java.prefs/java.util.prefs=ALL-UNNAMED --add-exports=jdk.compiler/com.sun.tools.javac.api=ALL-UNNAMED --add-exports=jdk.compiler/com.sun.tools.javac.util=ALL-UNNAMED --add-opens=java.base/java.util=ALL-UNNAMED --add-opens=java.prefs/java.util.prefs=ALL-UNNAMED --add-opens=java.base/java.nio.charset=ALL-UNNAMED --add-opens=java.base/java.net=ALL-UNNAMED --add-opens=java.base/java.util.concurrent.atomic=ALL-UNNAMED --add-opens=java.xml/javax.xml.namespace=ALL-UNNAMED -Xmx2048m -Dfile.encoding=UTF-8 -Duser.country=US -Duser.language=en -Duser.variant -javaagent:C:\Users\lucas\.gradle\wrapper\dists\gradle-8.13-bin\5xuhj0ry160q40clulazy9h7d\gradle-8.13\lib\agents\gradle-instrumentation-agent-8.13.jar 
java_command: org.gradle.launcher.daemon.bootstrap.GradleDaemon 8.13
java_class_path (initial): C:\Users\lucas\.gradle\wrapper\dists\gradle-8.13-bin\5xuhj0ry160q40clulazy9h7d\gradle-8.13\lib\gradle-daemon-main-8.13.jar
Launcher Type: SUN_STANDARD

[Global flags]
     intx CICompilerCount                          = 4                                         {product} {ergonomic}
     uint ConcGCThreads                            = 3                                         {product} {ergonomic}
     uint G1ConcRefinementThreads                  = 10                                        {product} {ergonomic}
   size_t G1HeapRegionSize                         = 1048576                                   {product} {ergonomic}
    uintx GCDrainStackTargetSize                   = 64                                        {product} {ergonomic}
   size_t InitialHeapSize                          = 255852544                                 {product} {ergonomic}
   size_t MarkStackSize                            = 4194304                                   {product} {ergonomic}
   size_t MaxHeapSize                              = 2147483648                                {product} {command line}
   size_t MaxNewSize                               = 1287651328                                {product} {ergonomic}
   size_t MinHeapDeltaBytes                        = 1048576                                   {product} {ergonomic}
   size_t MinHeapSize                              = 8388608                                   {product} {ergonomic}
    uintx NonNMethodCodeHeapSize                   = 5839372                                {pd product} {ergonomic}
    uintx NonProfiledCodeHeapSize                  = 122909434                              {pd product} {ergonomic}
    uintx ProfiledCodeHeapSize                     = 122909434                              {pd product} {ergonomic}
    uintx ReservedCodeCacheSize                    = 251658240                              {pd product} {ergonomic}
     bool SegmentedCodeCache                       = true                                      {product} {ergonomic}
   size_t SoftMaxHeapSize                          = 2147483648                             {manageable} {ergonomic}
     bool UseCompressedOops                        = true                           {product lp64_product} {ergonomic}
     bool UseG1GC                                  = true                                      {product} {ergonomic}
     bool UseLargePagesIndividualAllocation        = false                                  {pd product} {ergonomic}

Logging:
Log output configuration:
 #0: stdout all=warning uptime,level,tags foldmultilines=false
 #1: stderr all=off uptime,level,tags foldmultilines=false

Environment Variables:
PATH=C:\WINDOWS\system32;C:\WINDOWS;C:\WINDOWS\System32\Wbem;C:\WINDOWS\System32\WindowsPowerShell\v1.0\;C:\WINDOWS\System32\OpenSSH\;C:\Program Files\Microsoft SQL Server\150\Tools\Binn\;C:\Program Files\Git\cmd;C:\Program Files\nodejs\;C:\Program Files\PuTTY\;C:\Program Files (x86)\Bitvise SSH Client;C:\Users\lucas\AppData\Local\Programs\Python\Launcher\;C:\Users\lucas\AppData\Local\Microsoft\WindowsApps;A:\Programe\Visual Studio\bin;A:\Programe\MSYS2\ucrt64\bin;A:\Programe\PortableGit\bin;C:\Users\lucas\.jdks\openjdk-23.0.2\bin;C:\Users\lucas\AppData\Roaming\npm;C:\Program Files\JetBrains\PyCharm 2025.3.2\bin;C:\Program Files\JetBrains\IntelliJ IDEA 2025.3.2\bin;C:\Users\lucas\.local\bin;
USERNAME=lucas
OS=Windows_NT
PROCESSOR_IDENTIFIER=AMD64 Family 23 Model 96 Stepping 1, AuthenticAMD
TMP=C:\Users\lucas\AppData\Local\Temp
TEMP=C:\Users\lucas\AppData\Local\Temp




Periodic native trim disabled

JNI global refs:
JNI global refs: 30, weak refs: 12

JNI global refs memory usage: 835, weak refs: 833

Process memory usage:
Resident Set Size: 523232K (3% of 15965876K total physical memory with 1146864K free physical memory)

OOME stack traces (most recent first):
Classloader memory used:
Loader org.gradle.internal.classloader.VisitableURLClassLoader                         : 44018K
Loader bootstrap                                                                       : 28672K
Loader org.gradle.internal.classloader.VisitableURLClassLoader$InstrumentingVisitableURLClassLoader: 25921K
Loader org.gradle.initialization.MixInLegacyTypesClassLoader                           : 12926K
Loader jdk.internal.loader.ClassLoaders$PlatformClassLoader                            : 508K
Loader jdk.internal.reflect.DelegatingClassLoader                                      : 303K
Loader jdk.internal.loader.ClassLoaders$AppClassLoader                                 : 235K
Loader org.gradle.internal.classloader.VisitableURLClassLoader                         : 187K
Loader org.gradle.groovy.scripts.internal.DefaultScriptCompilationHandler$ScriptClassLoader: 133K
Loader org.codehaus.groovy.runtime.callsite.CallSiteClassLoader                        : 27376B

Classes loaded by more than one classloader:
Class Program                                                                         : loaded 5 times (x 70B)
Class Build_gradle                                                                    : loaded 3 times (x 128B)
Class Build_gradle$1                                                                  : loaded 3 times (x 72B)
Class com.google.common.collect.RegularImmutableMap$KeySet                            : loaded 2 times (x 150B)
Class org.gradle.internal.classloader.FilteringClassLoader                            : loaded 2 times (x 103B)
Class com.google.common.io.FileWriteMode                                              : loaded 2 times (x 77B)
Class com.google.common.base.CharMatcher$IsEither                                     : loaded 2 times (x 109B)
Class org.gradle.internal.classloader.ClassLoaderHierarchy                            : loaded 2 times (x 68B)
Class com.google.common.collect.AbstractMapBasedMultimap$WrappedCollection            : loaded 2 times (x 122B)
Class com.google.common.collect.ImmutableEnumSet                                      : loaded 2 times (x 144B)
Class com.google.common.util.concurrent.ExecutionError                                : loaded 2 times (x 80B)
Class com.google.common.collect.ImmutableList$1                                       : loaded 2 times (x 95B)
Class org.gradle.api.internal.classpath.ManifestUtil                                  : loaded 2 times (x 69B)
Class com.google.common.collect.RegularImmutableMap                                   : loaded 2 times (x 119B)
Class com.google.common.collect.ImmutableMap$MapViewOfValuesAsSingletonSets           : loaded 2 times (x 124B)
Class [Lorg.objectweb.asm.Symbol;                                                     : loaded 2 times (x 67B)
Class org.objectweb.asm.ClassVisitor                                                  : loaded 2 times (x 86B)
Class com.google.common.collect.UnmodifiableListIterator                              : loaded 2 times (x 93B)
Class com.google.common.base.Platform$JdkPatternCompiler                              : loaded 2 times (x 73B)
Class org.objectweb.asm.MethodTooLargeException                                       : loaded 2 times (x 81B)
Class [Lcom.google.common.cache.CacheBuilder$OneWeigher;                              : loaded 2 times (x 67B)
Class com.google.common.base.Suppliers                                                : loaded 2 times (x 69B)
Class org.gradle.internal.classloader.DefaultClassLoaderFactory                       : loaded 2 times (x 80B)
Class org.gradle.internal.classloader.ClassLoaderVisitor                              : loaded 2 times (x 74B)
Class [Lcom.google.common.collect.ImmutableMapEntry;                                  : loaded 2 times (x 67B)
Class org.gradle.api.internal.classpath.EffectiveClassPath                            : loaded 2 times (x 88B)
Class com.google.common.collect.ListMultimap                                          : loaded 2 times (x 68B)
Class com.google.common.collect.ImmutableEnumMap                                      : loaded 2 times (x 124B)
Class com.google.common.collect.Sets$1                                                : loaded 2 times (x 137B)
Class org.objectweb.asm.AnnotationVisitor                                             : loaded 2 times (x 76B)
Class org.gradle.api.internal.DefaultClassPathProvider                                : loaded 2 times (x 74B)
Class com.google.common.collect.Maps$ViewCachingAbstractMap                           : loaded 2 times (x 123B)
Class com.google.common.collect.Sets$2                                                : loaded 2 times (x 137B)
Class [Lorg.gradle.api.internal.ClassPathProvider;                                    : loaded 2 times (x 67B)
Class org.gradle.api.internal.ClassPathProvider                                       : loaded 2 times (x 68B)
Class [Lorg.objectweb.asm.AnnotationVisitor;                                          : loaded 2 times (x 67B)
Class com.google.common.collect.Sets$3                                                : loaded 2 times (x 137B)
Class com.google.common.util.concurrent.AbstractFuture$SafeAtomicHelper               : loaded 2 times (x 77B)
Class com.google.common.cache.LocalCache$LocalLoadingCache                            : loaded 2 times (x 132B)
Class org.gradle.internal.service.UnknownServiceException                             : loaded 2 times (x 81B)
Class com.google.common.collect.Sets$4                                                : loaded 2 times (x 137B)
Class org.objectweb.asm.ModuleVisitor                                                 : loaded 2 times (x 79B)
Class com.google.common.cache.LocalCache$Strength$1                                   : loaded 2 times (x 79B)
Class com.google.common.util.concurrent.SettableFuture                                : loaded 2 times (x 112B)
Class com.google.common.cache.LocalCache$Strength$2                                   : loaded 2 times (x 79B)
Class com.google.common.cache.LocalCache$Strength$3                                   : loaded 2 times (x 79B)
Class com.google.common.collect.MapDifference                                         : loaded 2 times (x 68B)
Class org.objectweb.asm.FieldWriter                                                   : loaded 2 times (x 76B)
Class com.google.common.cache.CacheBuilder$NullListener                               : loaded 2 times (x 80B)
Class org.gradle.internal.classpath.TransformedClassPath                              : loaded 2 times (x 94B)
Class org.gradle.internal.classloader.InstrumentingClassLoader                        : loaded 2 times (x 68B)
Class com.google.common.collect.ImmutableListMultimap                                 : loaded 2 times (x 174B)
Class com.google.common.cache.CacheLoader$FunctionToCacheLoader                       : loaded 2 times (x 73B)
Class com.google.common.collect.Iterators$ArrayItr                                    : loaded 2 times (x 95B)
Class com.google.common.collect.ImmutableCollection$Builder                           : loaded 2 times (x 74B)
Class com.google.common.collect.EmptyImmutableListMultimap                            : loaded 2 times (x 174B)
Class com.google.common.collect.BaseImmutableMultimap                                 : loaded 2 times (x 121B)
Class com.google.common.base.Joiner                                                   : loaded 2 times (x 77B)
Class com.google.common.base.MoreObjects                                              : loaded 2 times (x 69B)
Class com.google.common.collect.Platform                                              : loaded 2 times (x 69B)
Class [Lorg.objectweb.asm.Type;                                                       : loaded 2 times (x 67B)
Class com.google.common.collect.UnmodifiableIterator                                  : loaded 2 times (x 78B)
Class org.gradle.internal.service.ServiceLocator                                      : loaded 2 times (x 68B)
Class com.google.common.base.Ascii                                                    : loaded 2 times (x 69B)
Class com.google.common.collect.SingletonImmutableBiMap                               : loaded 2 times (x 141B)
Class com.google.common.cache.LocalCache$1                                            : loaded 2 times (x 87B)
Class com.google.common.collect.AbstractMapEntry                                      : loaded 2 times (x 79B)
Class com.google.common.collect.Sets$ImprovedAbstractSet                              : loaded 2 times (x 133B)
Class com.google.common.collect.ImmutableList$Builder                                 : loaded 2 times (x 75B)
Class com.google.common.collect.AbstractMultimap                                      : loaded 2 times (x 121B)
Class com.google.common.cache.LocalCache$2                                            : loaded 2 times (x 140B)
Class com.google.common.util.concurrent.AbstractFuture$UnsafeAtomicHelper$1           : loaded 2 times (x 74B)
Class com.google.common.collect.RegularImmutableAsList                                : loaded 2 times (x 215B)
Class com.google.common.base.Optional                                                 : loaded 2 times (x 78B)
Class com.google.common.util.concurrent.AbstractFuture$Trusted                        : loaded 2 times (x 68B)
Class com.google.common.collect.Iterators                                             : loaded 2 times (x 69B)
Class com.google.common.io.ByteSink$AsCharSink                                        : loaded 2 times (x 78B)
Class com.google.common.collect.Lists$StringAsImmutableList                           : loaded 2 times (x 205B)
Class com.google.common.util.concurrent.UncheckedExecutionException                   : loaded 2 times (x 80B)
Class org.gradle.kotlin.dsl.VersionCatalogAccessorsKt                                 : loaded 2 times (x 69B)
Class org.gradle.internal.InternalTransformer                                         : loaded 2 times (x 68B)
Class com.google.common.collect.AbstractMapBasedMultimap$KeySet$1                     : loaded 2 times (x 80B)
Class org.objectweb.asm.ClassWriter                                                   : loaded 2 times (x 104B)
Class com.google.common.cache.CacheLoader$UnsupportedLoadingOperationException        : loaded 2 times (x 80B)
Class com.google.common.base.CharMatcher$And                                          : loaded 2 times (x 110B)
Class org.gradle.internal.classloader.ClasspathUtil$1                                 : loaded 2 times (x 74B)
Class com.google.common.base.Objects                                                  : loaded 2 times (x 69B)
Class org.objectweb.asm.FieldVisitor                                                  : loaded 2 times (x 75B)
Class com.google.common.collect.IndexedImmutableSet                                   : loaded 2 times (x 150B)
Class com.google.common.collect.ImmutableMap$1                                        : loaded 2 times (x 79B)
Class com.google.common.collect.BiMap                                                 : loaded 2 times (x 68B)
Class org.gradle.api.internal.classpath.DefaultModuleRegistry$DefaultModule           : loaded 2 times (x 84B)
Class com.google.common.primitives.Ints                                               : loaded 2 times (x 69B)
Class com.google.common.collect.AbstractIterator                                      : loaded 2 times (x 80B)
Class com.google.common.collect.ObjectArrays                                          : loaded 2 times (x 69B)
Class com.google.common.collect.Multiset                                              : loaded 2 times (x 68B)
Class com.google.common.collect.ArrayListMultimapGwtSerializationDependencies         : loaded 2 times (x 170B)
Class com.google.common.collect.AbstractIndexedListIterator                           : loaded 2 times (x 94B)
Class com.google.common.math.MathPreconditions                                        : loaded 2 times (x 69B)
Class com.google.common.collect.ImmutableMapEntrySet                                  : loaded 2 times (x 150B)
Class com.google.common.base.Equivalence$Identity                                     : loaded 2 times (x 80B)
Class com.google.common.cache.Weigher                                                 : loaded 2 times (x 68B)
Class org.gradle.api.internal.classpath.UnknownModuleException                        : loaded 2 times (x 80B)
Class com.google.common.base.Stopwatch                                                : loaded 2 times (x 70B)
Class com.google.common.cache.LocalCache$Strength                                     : loaded 2 times (x 79B)
Class com.google.common.cache.Cache                                                   : loaded 2 times (x 68B)
Class com.google.common.io.Files$2                                                    : loaded 2 times (x 74B)
Class com.google.common.io.AppendableWriter                                           : loaded 2 times (x 98B)
Class com.google.common.base.NullnessCasts                                            : loaded 2 times (x 69B)
Class com.google.common.util.concurrent.AbstractFuture$Cancellation                   : loaded 2 times (x 70B)
Class com.google.common.collect.ImmutableMap$Builder                                  : loaded 2 times (x 80B)
Class com.google.common.base.Present                                                  : loaded 2 times (x 79B)
Class com.google.common.cache.RemovalListener                                         : loaded 2 times (x 68B)
Class org.gradle.api.internal.DefaultClassPathRegistry                                : loaded 2 times (x 74B)
Class com.google.common.collect.ImmutableMultimap$Keys                                : loaded 2 times (x 164B)
Class com.google.common.primitives.IntsMethodsForWeb                                  : loaded 2 times (x 69B)
Class com.google.common.collect.Multimap                                              : loaded 2 times (x 68B)
Class org.gradle.api.internal.ClassPathRegistry                                       : loaded 2 times (x 68B)
Class org.gradle.internal.classpath.DefaultClassPath$ImmutableUniqueList              : loaded 2 times (x 197B)
Class com.google.common.base.ExtraObjectsMethodsForWeb                                : loaded 2 times (x 69B)
Class com.google.common.base.PairwiseEquivalence                                      : loaded 2 times (x 81B)
Class com.google.common.io.ByteSink                                                   : loaded 2 times (x 74B)
Class com.google.common.cache.CacheBuilder                                            : loaded 2 times (x 70B)
Class com.google.common.collect.SingletonImmutableList                                : loaded 2 times (x 205B)
Class Settings_gradle$1                                                               : loaded 2 times (x 72B)
Class org.gradle.internal.classpath.ClassPath                                         : loaded 2 times (x 68B)
Class org.gradle.api.UncheckedIOException                                             : loaded 2 times (x 80B)
Class com.google.common.io.Files$FileByteSource                                       : loaded 2 times (x 83B)
Class com.google.common.base.JdkPattern                                               : loaded 2 times (x 73B)
Class com.google.common.collect.ImmutableList$ReverseImmutableList                    : loaded 2 times (x 207B)
Class com.google.common.io.CharStreams$NullWriter                                     : loaded 2 times (x 97B)
Class org.objectweb.asm.SymbolTable$Entry                                             : loaded 2 times (x 72B)
Class com.google.common.util.concurrent.AbstractFuture$AtomicHelper                   : loaded 2 times (x 76B)
Class org.objectweb.asm.Edge                                                          : loaded 2 times (x 70B)
Class com.google.common.base.Suppliers$SupplierOfInstance                             : loaded 2 times (x 77B)
Class com.google.common.collect.Iterators$1                                           : loaded 2 times (x 79B)
Class com.google.common.cache.LocalCache$ComputingValueReference                      : loaded 2 times (x 94B)
Class com.google.common.collect.SingletonImmutableSet                                 : loaded 2 times (x 144B)
Class com.google.common.collect.ImmutableMap$IteratorBasedImmutableMap                : loaded 2 times (x 124B)
Class com.google.common.cache.LocalCache$Segment                                      : loaded 2 times (x 152B)
Class com.google.common.collect.AbstractListMultimap                                  : loaded 2 times (x 170B)
Class [Lorg.objectweb.asm.SymbolTable$Entry;                                          : loaded 2 times (x 67B)
Class com.google.common.cache.CacheLoader                                             : loaded 2 times (x 72B)
Class com.google.common.collect.Iterators$4                                           : loaded 2 times (x 80B)
Class com.google.common.collect.ImmutableBiMap                                        : loaded 2 times (x 141B)
Class org.gradle.internal.installation.GradleInstallation$1                           : loaded 2 times (x 73B)
Class org.gradle.api.internal.classpath.ModuleRegistry                                : loaded 2 times (x 68B)
Class com.google.common.util.concurrent.internal.InternalFutureFailureAccess          : loaded 2 times (x 70B)
Class com.google.common.collect.Iterators$5                                           : loaded 2 times (x 80B)
Class com.google.common.collect.ImmutableSet$JdkBackedSetBuilderImpl                  : loaded 2 times (x 74B)
Class com.google.common.collect.ImmutableMultimap$Values                              : loaded 2 times (x 124B)
Class com.google.common.util.concurrent.AbstractFuture$UnsafeAtomicHelper             : loaded 2 times (x 76B)
Class com.google.common.cache.LocalCache$LocalManualCache$1                           : loaded 2 times (x 73B)
Class com.google.common.base.CharMatcher$ForPredicate                                 : loaded 2 times (x 110B)
Class ijKotlinCoroutineJvmDebugInit1_38r3hhfjsspq52v32gpplzvfu$_run_closure1          : loaded 2 times (x 137B)
Class com.google.common.base.CharMatcher$AnyOf                                        : loaded 2 times (x 110B)
Class com.google.common.collect.ImmutableCollection                                   : loaded 2 times (x 123B)
Class org.gradle.api.internal.classpath.DefaultModuleRegistry                         : loaded 2 times (x 84B)
Class com.google.common.collect.Lists                                                 : loaded 2 times (x 69B)
Class com.google.common.util.concurrent.ListenableFuture                              : loaded 2 times (x 68B)
Class com.google.common.cache.ReferenceEntry                                          : loaded 2 times (x 68B)
Class com.google.common.base.Converter                                                : loaded 2 times (x 88B)
Class com.google.common.collect.ImmutableSet$CachingAsList                            : loaded 2 times (x 146B)
Class com.google.common.collect.AbstractMapBasedMultimap                              : loaded 2 times (x 137B)
Class com.google.common.util.concurrent.AbstractFuture                                : loaded 2 times (x 104B)
Class com.google.common.base.FunctionalEquivalence                                    : loaded 2 times (x 81B)
Class com.google.common.collect.Iterators$9                                           : loaded 2 times (x 79B)
Class com.google.common.collect.ImmutableAsList                                       : loaded 2 times (x 207B)
Class ijKotlinCoroutineJvmDebugInit1_38r3hhfjsspq52v32gpplzvfu                        : loaded 2 times (x 177B)
Class com.google.common.io.CharStreams                                                : loaded 2 times (x 69B)
Class com.google.common.collect.ImmutableMultiset                                     : loaded 2 times (x 161B)
Class org.objectweb.asm.RecordComponentVisitor                                        : loaded 2 times (x 75B)
Class com.google.common.cache.CacheLoader$SupplierToCacheLoader                       : loaded 2 times (x 73B)
Class com.google.common.collect.Maps$EntryTransformer                                 : loaded 2 times (x 68B)
Class org.gradle.internal.service.ServiceLookupException                              : loaded 2 times (x 80B)
Class [Lcom.google.common.cache.LocalCache$EntryFactory;                              : loaded 2 times (x 67B)
Class org.gradle.internal.classloader.ClassLoaderFactory                              : loaded 2 times (x 68B)
Class com.google.common.base.CommonPattern                                            : loaded 2 times (x 72B)
Class com.google.common.cache.LocalCache$LocalManualCache                             : loaded 2 times (x 97B)
Class com.google.common.base.CharMatcher$IsNot                                        : loaded 2 times (x 109B)
Class ijJvmDebugger1_9dpn8l5s73gpah8tght1pouqo$_run_closure1$_closure2                : loaded 2 times (x 138B)
Class org.gradle.internal.service.CachingServiceLocator                               : loaded 2 times (x 80B)
Class com.google.common.collect.AbstractMapBasedMultimap$KeySet                       : loaded 2 times (x 135B)
Class com.google.common.math.IntMath                                                  : loaded 2 times (x 69B)
Class com.google.common.collect.ImmutableMapEntry                                     : loaded 2 times (x 83B)
Class com.google.common.collect.ImmutableMultimap                                     : loaded 2 times (x 145B)
Class com.google.common.base.Equivalence                                              : loaded 2 times (x 80B)
Class com.google.common.base.Function                                                 : loaded 2 times (x 68B)
Class com.google.common.collect.ImmutableMapEntry$NonTerminalImmutableMapEntry        : loaded 2 times (x 83B)
Class com.google.common.cache.CacheBuilder$OneWeigher                                 : loaded 2 times (x 80B)
Class com.google.common.collect.RegularImmutableList                                  : loaded 2 times (x 211B)
Class ijJvmDebugger1_9dpn8l5s73gpah8tght1pouqo                                        : loaded 2 times (x 177B)
Class org.gradle.internal.classloader.ClasspathUtil                                   : loaded 2 times (x 69B)
Class com.google.common.base.Charsets                                                 : loaded 2 times (x 69B)
Class com.google.common.util.concurrent.Uninterruptibles                              : loaded 2 times (x 69B)
Class com.google.common.collect.Maps                                                  : loaded 2 times (x 69B)
Class org.gradle.api.specs.Spec                                                       : loaded 2 times (x 68B)
Class [Lcom.google.common.collect.ImmutableEntry;                                     : loaded 2 times (x 67B)
Class com.google.common.cache.LocalCache$LoadingValueReference                        : loaded 2 times (x 94B)
Class org.gradle.api.internal.classpath.Module                                        : loaded 2 times (x 68B)
Class com.google.common.io.LineReader$1                                               : loaded 2 times (x 73B)
Class com.google.common.collect.CollectSpliterators                                   : loaded 2 times (x 69B)
Class com.google.common.collect.AbstractMapBasedMultimap$AsMap                        : loaded 2 times (x 126B)
Class com.google.common.base.Platform                                                 : loaded 2 times (x 69B)
Class com.google.common.collect.AbstractMapBasedMultimap$WrappedList                  : loaded 2 times (x 203B)
Class [Lorg.objectweb.asm.AnnotationWriter;                                           : loaded 2 times (x 67B)
Class com.google.common.collect.Maps$8                                                : loaded 2 times (x 80B)
Class com.google.common.collect.Sets$SetView                                          : loaded 2 times (x 136B)
Class com.google.common.cache.LocalCache$StrongValueReference                         : loaded 2 times (x 88B)
Class com.google.common.util.concurrent.AbstractFuture$SynchronizedHelper             : loaded 2 times (x 76B)
Class com.google.common.graph.SuccessorsFunction                                      : loaded 2 times (x 68B)
Class org.objectweb.asm.Type                                                          : loaded 2 times (x 70B)
Class org.gradle.internal.classloader.VisitableURLClassLoader$InstrumentingVisitableURLClassLoader: loaded 2 times (x 121B)
Class com.google.common.io.Files$FileByteSink                                         : loaded 2 times (x 75B)
Class org.objectweb.asm.ByteVector                                                    : loaded 2 times (x 77B)
Class [Lcom.google.common.cache.CacheBuilder$NullListener;                            : loaded 2 times (x 67B)
Class com.google.common.math.IntMath$1                                                : loaded 2 times (x 69B)
Class org.gradle.internal.classloader.VisitableURLClassLoader$Spec                    : loaded 2 times (x 72B)
Class org.gradle.internal.classpath.DefaultClassPath                                  : loaded 2 times (x 88B)
Class org.objectweb.asm.Symbol                                                        : loaded 2 times (x 71B)
Class com.google.common.io.Closer                                                     : loaded 2 times (x 76B)
Class com.google.common.io.Java8Compatibility                                         : loaded 2 times (x 69B)
Class com.google.common.base.CharMatcher$Ascii                                        : loaded 2 times (x 110B)
Class com.google.common.base.CharMatcher$BitSetMatcher                                : loaded 2 times (x 110B)
Class com.google.common.collect.ImmutableSet                                          : loaded 2 times (x 143B)
Class com.google.common.collect.RegularImmutableMap$Values                            : loaded 2 times (x 205B)
Class org.gradle.internal.classloader.ClassLoaderSpec                                 : loaded 2 times (x 69B)
Class org.objectweb.asm.AnnotationWriter                                              : loaded 2 times (x 77B)
Class com.google.common.cache.CacheStats                                              : loaded 2 times (x 69B)
Class com.google.common.io.Closer$Suppressor                                          : loaded 2 times (x 68B)
Class com.google.common.io.LineProcessor                                              : loaded 2 times (x 68B)
Class com.google.common.collect.ImmutableMultisetGwtSerializationDependencies         : loaded 2 times (x 123B)
Class org.objectweb.asm.RecordComponentWriter                                         : loaded 2 times (x 76B)
Class com.google.common.util.concurrent.AbstractFuture$Listener                       : loaded 2 times (x 70B)
Class com.google.common.base.CharMatcher$Or                                           : loaded 2 times (x 110B)
Class Settings_gradle$1$1                                                             : loaded 2 times (x 72B)
Class org.objectweb.asm.Attribute                                                     : loaded 2 times (x 75B)
Class com.google.common.base.Supplier                                                 : loaded 2 times (x 68B)
Class org.gradle.internal.classloader.VisitableURLClassLoader                         : loaded 2 times (x 115B)
Class com.google.common.util.concurrent.AbstractFuture$Waiter                         : loaded 2 times (x 70B)
Class Settings_gradle                                                                 : loaded 2 times (x 126B)
Class org.gradle.internal.Cast                                                        : loaded 2 times (x 69B)
Class org.gradle.api.Action                                                           : loaded 2 times (x 68B)
Class com.google.common.base.Strings                                                  : loaded 2 times (x 69B)
Class com.google.common.collect.Sets                                                  : loaded 2 times (x 69B)
Class org.objectweb.asm.Handler                                                       : loaded 2 times (x 70B)
Class com.google.common.base.Ticker                                                   : loaded 2 times (x 70B)
Class com.google.common.base.CharMatcher$FastMatcher                                  : loaded 2 times (x 109B)
Class [Lcom.google.common.cache.LocalCache$Segment;                                   : loaded 2 times (x 67B)
Class [Lcom.google.common.cache.LocalCache$Strength;                                  : loaded 2 times (x 67B)
Class com.google.common.cache.CacheBuilder$1                                          : loaded 2 times (x 83B)
Class com.google.common.base.Predicate                                                : loaded 2 times (x 68B)
Class com.google.common.collect.ImmutableMap                                          : loaded 2 times (x 118B)
Class org.gradle.internal.classpath.DefaultClassPath$ImmutableUniqueList$Builder      : loaded 2 times (x 73B)
Class com.google.common.cache.LocalCache                                              : loaded 2 times (x 185B)
Class com.google.common.cache.CacheBuilder$2                                          : loaded 2 times (x 77B)
Class com.google.common.base.CharMatcher$NegatedFastMatcher                           : loaded 2 times (x 111B)
Class com.google.common.collect.ArrayListMultimap                                     : loaded 2 times (x 170B)
Class com.google.common.cache.CacheBuilder$3                                          : loaded 2 times (x 70B)
Class [Lcom.google.common.collect.AbstractMapEntry;                                   : loaded 2 times (x 67B)
Class com.google.common.collect.ImmutableEntry                                        : loaded 2 times (x 80B)
Class org.gradle.api.GradleException                                                  : loaded 2 times (x 80B)
Class com.google.common.base.Suppliers$MemoizingSupplier                              : loaded 2 times (x 77B)
Class com.google.common.collect.CollectPreconditions                                  : loaded 2 times (x 69B)
Class [Lcom.google.common.io.FileWriteMode;                                           : loaded 2 times (x 67B)
Class com.google.common.collect.SortedMapDifference                                   : loaded 2 times (x 68B)
Class ijJvmDebugger1_9dpn8l5s73gpah8tght1pouqo$_run_closure1                          : loaded 2 times (x 137B)
Class com.google.common.io.Files                                                      : loaded 2 times (x 69B)
Class com.google.common.cache.LocalCache$EntryFactory                                 : loaded 2 times (x 81B)
Class com.google.common.cache.LocalCache$AbstractReferenceEntry                       : loaded 2 times (x 105B)
Class org.gradle.internal.IoActions                                                   : loaded 2 times (x 69B)
Class org.objectweb.asm.SymbolTable                                                   : loaded 2 times (x 70B)
Class com.google.common.cache.CacheLoader$InvalidCacheLoadException                   : loaded 2 times (x 80B)
Class com.google.common.collect.ImmutableSet$RegularSetBuilderImpl                    : loaded 2 times (x 75B)
Class org.gradle.internal.classloader.SystemClassLoaderSpec                           : loaded 2 times (x 69B)
Class com.google.common.cache.LocalCache$StrongEntry                                  : loaded 2 times (x 106B)
Class com.google.common.util.concurrent.AbstractFuture$TrustedFuture                  : loaded 2 times (x 112B)
Class com.google.common.cache.LoadingCache                                            : loaded 2 times (x 68B)
Class com.google.common.base.Suppliers$NonSerializableMemoizingSupplier               : loaded 2 times (x 77B)
Class org.objectweb.asm.MethodWriter                                                  : loaded 2 times (x 104B)
Class [Lcom.google.common.cache.Weigher;                                              : loaded 2 times (x 67B)
Class com.google.common.collect.RegularImmutableMap$BucketOverflowException           : loaded 2 times (x 80B)
Class com.google.common.collect.ImmutableMultimap$1                                   : loaded 2 times (x 80B)
Class com.google.common.collect.AbstractMapBasedMultimap$RandomAccessWrappedList      : loaded 2 times (x 203B)
Class com.google.common.collect.ImmutableMultimap$2                                   : loaded 2 times (x 79B)
Class com.google.common.collect.RegularImmutableBiMap                                 : loaded 2 times (x 147B)
Class com.google.common.cache.LocalCache$ValueReference                               : loaded 2 times (x 68B)
Class com.google.common.base.CharMatcher$Is                                           : loaded 2 times (x 109B)
Class com.google.common.base.CharMatcher$Negated                                      : loaded 2 times (x 111B)
Class com.google.common.base.PatternCompiler                                          : loaded 2 times (x 68B)
Class com.google.common.util.concurrent.AbstractFuture$Failure                        : loaded 2 times (x 70B)
Class com.google.common.base.Equivalence$Equals                                       : loaded 2 times (x 80B)
Class com.google.common.collect.Hashing                                               : loaded 2 times (x 69B)
Class com.google.common.base.Preconditions                                            : loaded 2 times (x 69B)
Class com.google.common.io.CharSink                                                   : loaded 2 times (x 77B)
Class com.google.common.base.Joiner$1                                                 : loaded 2 times (x 78B)
Class org.objectweb.asm.Label                                                         : loaded 2 times (x 71B)
Class org.objectweb.asm.CurrentFrame                                                  : loaded 2 times (x 71B)
Class org.objectweb.asm.ClassTooLargeException                                        : loaded 2 times (x 81B)
Class com.google.common.base.CharMatcher                                              : loaded 2 times (x 109B)
Class com.google.common.collect.PeekingIterator                                       : loaded 2 times (x 68B)
Class com.google.common.base.Joiner$2                                                 : loaded 2 times (x 77B)
Class org.objectweb.asm.Frame                                                         : loaded 2 times (x 71B)
Class org.objectweb.asm.MethodVisitor                                                 : loaded 2 times (x 103B)
Class com.google.common.cache.LocalCache$EntryFactory$1                               : loaded 2 times (x 81B)
Class [Lcom.google.common.cache.RemovalListener;                                      : loaded 2 times (x 67B)
Class com.google.common.base.CharMatcher$1                                            : loaded 2 times (x 111B)
Class com.google.common.base.CharMatcher$NamedFastMatcher                             : loaded 2 times (x 110B)
Class com.google.common.cache.LocalCache$EntryFactory$2                               : loaded 2 times (x 81B)
Class org.gradle.api.internal.classpath.GlobalCacheRootsProvider                      : loaded 2 times (x 68B)
Class org.objectweb.asm.ModuleWriter                                                  : loaded 2 times (x 80B)
Class com.google.common.cache.LocalCache$EntryFactory$3                               : loaded 2 times (x 81B)
Class com.google.common.base.Ticker$1                                                 : loaded 2 times (x 70B)
Class com.google.common.collect.Maps$BiMapConverter                                   : loaded 2 times (x 88B)
Class com.google.common.collect.ImmutableMapEntrySet$RegularEntrySet                  : loaded 2 times (x 150B)
Class com.google.common.collect.CollectSpliterators$1                                 : loaded 2 times (x 88B)
Class com.google.common.cache.LocalCache$EntryFactory$4                               : loaded 2 times (x 81B)
Class com.google.common.base.CharMatcher$InRange                                      : loaded 2 times (x 109B)
Class com.google.common.collect.ImmutableSet$Builder                                  : loaded 2 times (x 83B)
Class ijKotlinCoroutineJvmDebugInit1_38r3hhfjsspq52v32gpplzvfu$_run_closure1$_closure2: loaded 2 times (x 137B)
Class com.google.common.cache.LocalCache$EntryFactory$5                               : loaded 2 times (x 81B)
Class com.google.common.io.LineReader                                                 : loaded 2 times (x 70B)
Class com.google.common.cache.LocalCache$EntryFactory$6                               : loaded 2 times (x 81B)
Class org.gradle.internal.installation.CurrentGradleInstallationLocator               : loaded 2 times (x 69B)
Class com.google.common.collect.ImmutableMultimap$Builder                             : loaded 2 times (x 84B)
Class com.google.common.collect.Maps$KeySet                                           : loaded 2 times (x 135B)
Class com.google.common.cache.LocalCache$EntryFactory$7                               : loaded 2 times (x 81B)
Class com.google.common.collect.ImmutableSet$EmptySetBuilderImpl                      : loaded 2 times (x 74B)
Class com.google.common.collect.ImmutableList                                         : loaded 2 times (x 204B)
Class org.gradle.internal.service.DefaultServiceLocator                               : loaded 2 times (x 81B)
Class com.google.common.collect.ImmutableMultimap$EntryCollection                     : loaded 2 times (x 126B)
Class com.google.common.collect.Maps$EntrySet                                         : loaded 2 times (x 134B)
Class com.google.common.cache.LocalCache$EntryFactory$8                               : loaded 2 times (x 81B)
Class com.google.common.collect.ImmutableSet$SetBuilderImpl                           : loaded 2 times (x 74B)
Class org.gradle.internal.installation.CurrentGradleInstallation                      : loaded 2 times (x 71B)
Class com.google.common.cache.CacheLoader$1                                           : loaded 2 times (x 73B)
Class com.google.common.collect.ForwardingObject                                      : loaded 2 times (x 70B)
Class com.google.common.collect.ImmutableList$SubList                                 : loaded 2 times (x 207B)
Class org.gradle.util.internal.GUtil                                                  : loaded 2 times (x 69B)
Class com.google.common.io.ByteSource                                                 : loaded 2 times (x 82B)
Class com.google.common.util.concurrent.AbstractFuture$SetFuture                      : loaded 2 times (x 73B)
Class com.google.common.cache.AbstractCache$StatsCounter                              : loaded 2 times (x 68B)
Class com.google.common.io.LineBuffer                                                 : loaded 2 times (x 73B)
Class com.google.common.collect.Iterators$MergingIterator                             : loaded 2 times (x 79B)
Class com.google.common.collect.RegularImmutableSet                                   : loaded 2 times (x 147B)
Class org.gradle.internal.installation.GradleInstallation                             : loaded 2 times (x 73B)
Class com.google.common.collect.Iterables                                             : loaded 2 times (x 69B)

---------------  S Y S T E M  ---------------

OS:
 Windows 11 , 64 bit Build 26100 (10.0.26100.8246)
OS uptime: 1 days 1:28 hours
Hyper-V role detected

CPU: total 12 (initial active 12) (12 cores per cpu, 2 threads per core) family 23 model 96 stepping 1 microcode 0x8600109, cx8, cmov, fxsr, ht, mmx, 3dnowpref, sse, sse2, sse3, ssse3, sse4a, sse4.1, sse4.2, popcnt, lzcnt, tsc, tscinvbit, avx, avx2, aes, clmul, bmi1, bmi2, adx, sha, fma, vzeroupper, clflush, clflushopt, hv, rdtscp, rdpid, f16c
Processor Information for the first 12 processors :
  Max Mhz: 2100, Current Mhz: 2100, Mhz Limit: 2100

Memory: 4k page, system-wide physical 15591M (1138M free)
TotalPageFile size 38953M (AvailPageFile size 74M)
current process WorkingSet (physical memory assigned to process): 504M, peak: 518M
current process commit charge ("private bytes"): 547M, peak: 560M

vm_info: OpenJDK 64-Bit Server VM (21.0.7+-13880790-b1038.58) for windows-amd64 JRE (21.0.7+-13880790-b1038.58), built on 2025-08-04T20:56:21Z by "builder" with MS VC++ 16.10 / 16.11 (VS2019)

END.
